"ID;""Geslacht"";""Leeftijd"";""BurgerlijkeStaat"";""RegioS"";""Perioden"";""BevolkingOp1Januari_1"""
"567;""T001038"";""10000"";""T001019"";""CR01  "";""2011JJ00"";""  151530"""
"568;""T001038"";""10000"";""T001019"";""CR01  "";""2012JJ00"";""  150782"""
"569;""T001038"";""10000"";""T001019"";""CR01  "";""2013JJ00"";""  149838"""
"570;""T001038"";""10000"";""T001019"";""CR01  "";""2014JJ00"";""  148944"""
"571;""T001038"";""10000"";""T001019"";""CR01  "";""2015JJ00"";""  148966"""
"572;""T001038"";""10000"";""T001019"";""CR01  "";""2016JJ00"";""  148583"""
"573;""T001038"";""10000"";""T001019"";""CR01  "";""2017JJ00"";""  147393"""
"574;""T001038"";""10000"";""T001019"";""CR01  "";""2018JJ00"";""  134770"""
"575;""T001038"";""10000"";""T001019"";""CR01  "";""2019JJ00"";""  134822"""
"599;""T001038"";""10000"";""T001019"";""CR02  "";""2011JJ00"";""   49135"""
"600;""T001038"";""10000"";""T001019"";""CR02  "";""2012JJ00"";""   48724"""
"601;""T001038"";""10000"";""T001019"";""CR02  "";""2013JJ00"";""   48370"""
"602;""T001038"";""10000"";""T001019"";""CR02  "";""2014JJ00"";""   47958"""
"603;""T001038"";""10000"";""T001019"";""CR02  "";""2015JJ00"";""   47560"""
"604;""T001038"";""10000"";""T001019"";""CR02  "";""2016JJ00"";""   47111"""
"605;""T001038"";""10000"";""T001019"";""CR02  "";""2017JJ00"";""   46850"""
"606;""T001038"";""10000"";""T001019"";""CR02  "";""2018JJ00"";""   46396"""
"607;""T001038"";""10000"";""T001019"";""CR02  "";""2019JJ00"";""   46051"""
"631;""T001038"";""10000"";""T001019"";""CR03  "";""2011JJ00"";""  378371"""
"632;""T001038"";""10000"";""T001019"";""CR03  "";""2012JJ00"";""  381369"""
"633;""T001038"";""10000"";""T001019"";""CR03  "";""2013JJ00"";""  383497"""
"634;""T001038"";""10000"";""T001019"";""CR03  "";""2014JJ00"";""  385826"""
"635;""T001038"";""10000"";""T001019"";""CR03  "";""2015JJ00"";""  387416"""
"636;""T001038"";""10000"";""T001019"";""CR03  "";""2016JJ00"";""  388027"""
"637;""T001038"";""10000"";""T001019"";""CR03  "";""2017JJ00"";""  389338"""
"638;""T001038"";""10000"";""T001019"";""CR03  "";""2018JJ00"";""  401778"""
"639;""T001038"";""10000"";""T001019"";""CR03  "";""2019JJ00"";""  403117"""
"663;""T001038"";""10000"";""T001019"";""CR04  "";""2011JJ00"";""  332884"""
"664;""T001038"";""10000"";""T001019"";""CR04  "";""2012JJ00"";""  332742"""
"665;""T001038"";""10000"";""T001019"";""CR04  "";""2013JJ00"";""  332938"""
"666;""T001038"";""10000"";""T001019"";""CR04  "";""2014JJ00"";""  324368"""
"667;""T001038"";""10000"";""T001019"";""CR04  "";""2015JJ00"";""  324103"""
"668;""T001038"";""10000"";""T001019"";""CR04  "";""2016JJ00"";""  324077"""
"669;""T001038"";""10000"";""T001019"";""CR04  "";""2017JJ00"";""  324367"""
"670;""T001038"";""10000"";""T001019"";""CR04  "";""2018JJ00"";""  318919"""
"671;""T001038"";""10000"";""T001019"";""CR04  "";""2019JJ00"";""  319277"""
"695;""T001038"";""10000"";""T001019"";""CR05  "";""2011JJ00"";""  106291"""
"696;""T001038"";""10000"";""T001019"";""CR05  "";""2012JJ00"";""  106392"""
"697;""T001038"";""10000"";""T001019"";""CR05  "";""2013JJ00"";""  106401"""
"698;""T001038"";""10000"";""T001019"";""CR05  "";""2014JJ00"";""  135594"""
"699;""T001038"";""10000"";""T001019"";""CR05  "";""2015JJ00"";""  135377"""
"700;""T001038"";""10000"";""T001019"";""CR05  "";""2016JJ00"";""  135313"""
"701;""T001038"";""10000"";""T001019"";""CR05  "";""2017JJ00"";""  135743"""
"702;""T001038"";""10000"";""T001019"";""CR05  "";""2018JJ00"";""  141336"""
"703;""T001038"";""10000"";""T001019"";""CR05  "";""2019JJ00"";""  141140"""
"727;""T001038"";""10000"";""T001019"";""CR06  "";""2011JJ00"";""  208107"""
"728;""T001038"";""10000"";""T001019"";""CR06  "";""2012JJ00"";""  208080"""
"729;""T001038"";""10000"";""T001019"";""CR06  "";""2013JJ00"";""  207523"""
"730;""T001038"";""10000"";""T001019"";""CR06  "";""2014JJ00"";""  186355"""
"731;""T001038"";""10000"";""T001019"";""CR06  "";""2015JJ00"";""  186777"""
"732;""T001038"";""10000"";""T001019"";""CR06  "";""2016JJ00"";""  186650"""
"733;""T001038"";""10000"";""T001019"";""CR06  "";""2017JJ00"";""  186764"""
"734;""T001038"";""10000"";""T001019"";""CR06  "";""2018JJ00"";""  187013"""
"735;""T001038"";""10000"";""T001019"";""CR06  "";""2019JJ00"";""  187255"""
"759;""T001038"";""10000"";""T001019"";""CR07  "";""2011JJ00"";""  189787"""
"760;""T001038"";""10000"";""T001019"";""CR07  "";""2012JJ00"";""  189816"""
"761;""T001038"";""10000"";""T001019"";""CR07  "";""2013JJ00"";""  189647"""
"762;""T001038"";""10000"";""T001019"";""CR07  "";""2014JJ00"";""  189493"""
"763;""T001038"";""10000"";""T001019"";""CR07  "";""2015JJ00"";""  189359"""
"764;""T001038"";""10000"";""T001019"";""CR07  "";""2016JJ00"";""  189597"""
"765;""T001038"";""10000"";""T001019"";""CR07  "";""2017JJ00"";""  192497"""
"766;""T001038"";""10000"";""T001019"";""CR07  "";""2018JJ00"";""  192102"""
"767;""T001038"";""10000"";""T001019"";""CR07  "";""2019JJ00"";""  191515"""
"791;""T001038"";""10000"";""T001019"";""CR08  "";""2011JJ00"";""  171267"""
"792;""T001038"";""10000"";""T001019"";""CR08  "";""2012JJ00"";""  170578"""
"793;""T001038"";""10000"";""T001019"";""CR08  "";""2013JJ00"";""  169819"""
"794;""T001038"";""10000"";""T001019"";""CR08  "";""2014JJ00"";""  169448"""
"795;""T001038"";""10000"";""T001019"";""CR08  "";""2015JJ00"";""  168812"""
"796;""T001038"";""10000"";""T001019"";""CR08  "";""2016JJ00"";""  168336"""
"797;""T001038"";""10000"";""T001019"";""CR08  "";""2017JJ00"";""  168131"""
"798;""T001038"";""10000"";""T001019"";""CR08  "";""2018JJ00"";""  167842"""
"799;""T001038"";""10000"";""T001019"";""CR08  "";""2019JJ00"";""  167968"""
"823;""T001038"";""10000"";""T001019"";""CR09  "";""2011JJ00"";""  130357"""
"824;""T001038"";""10000"";""T001019"";""CR09  "";""2012JJ00"";""  130413"""
"825;""T001038"";""10000"";""T001019"";""CR09  "";""2013JJ00"";""  130452"""
"826;""T001038"";""10000"";""T001019"";""CR09  "";""2014JJ00"";""  130047"""
"827;""T001038"";""10000"";""T001019"";""CR09  "";""2015JJ00"";""  130405"""
"828;""T001038"";""10000"";""T001019"";""CR09  "";""2016JJ00"";""  130696"""
"829;""T001038"";""10000"";""T001019"";""CR09  "";""2017JJ00"";""  131164"""
"830;""T001038"";""10000"";""T001019"";""CR09  "";""2018JJ00"";""  132156"""
"831;""T001038"";""10000"";""T001019"";""CR09  "";""2019JJ00"";""  132684"""
"855;""T001038"";""10000"";""T001019"";""CR10  "";""2011JJ00"";""  356161"""
"856;""T001038"";""10000"";""T001019"";""CR10  "";""2012JJ00"";""  358148"""
"857;""T001038"";""10000"";""T001019"";""CR10  "";""2013JJ00"";""  359806"""
"858;""T001038"";""10000"";""T001019"";""CR10  "";""2014JJ00"";""  360747"""
"859;""T001038"";""10000"";""T001019"";""CR10  "";""2015JJ00"";""  361694"""
"860;""T001038"";""10000"";""T001019"";""CR10  "";""2016JJ00"";""  364300"""
"861;""T001038"";""10000"";""T001019"";""CR10  "";""2017JJ00"";""  366319"""
"862;""T001038"";""10000"";""T001019"";""CR10  "";""2018JJ00"";""  368819"""
"863;""T001038"";""10000"";""T001019"";""CR10  "";""2019JJ00"";""  371608"""
"887;""T001038"";""10000"";""T001019"";""CR11  "";""2011JJ00"";""  152927"""
"888;""T001038"";""10000"";""T001019"";""CR11  "";""2012JJ00"";""  152934"""
"889;""T001038"";""10000"";""T001019"";""CR11  "";""2013JJ00"";""  152818"""
"890;""T001038"";""10000"";""T001019"";""CR11  "";""2014JJ00"";""  152611"""
"891;""T001038"";""10000"";""T001019"";""CR11  "";""2015JJ00"";""  152982"""
"892;""T001038"";""10000"";""T001019"";""CR11  "";""2016JJ00"";""  153455"""
"893;""T001038"";""10000"";""T001019"";""CR11  "";""2017JJ00"";""  154159"""
"894;""T001038"";""10000"";""T001019"";""CR11  "";""2018JJ00"";""  154834"""
"895;""T001038"";""10000"";""T001019"";""CR11  "";""2019JJ00"";""  155539"""
"919;""T001038"";""10000"";""T001019"";""CR12  "";""2011JJ00"";""  625377"""
"920;""T001038"";""10000"";""T001019"";""CR12  "";""2012JJ00"";""  626586"""
"921;""T001038"";""10000"";""T001019"";""CR12  "";""2013JJ00"";""  626726"""
"922;""T001038"";""10000"";""T001019"";""CR12  "";""2014JJ00"";""  626339"""
"923;""T001038"";""10000"";""T001019"";""CR12  "";""2015JJ00"";""  625976"""
"924;""T001038"";""10000"";""T001019"";""CR12  "";""2016JJ00"";""  626525"""
"925;""T001038"";""10000"";""T001019"";""CR12  "";""2017JJ00"";""  627209"""
"926;""T001038"";""10000"";""T001019"";""CR12  "";""2018JJ00"";""  627848"""
"927;""T001038"";""10000"";""T001019"";""CR12  "";""2019JJ00"";""  629284"""
"951;""T001038"";""10000"";""T001019"";""CR13  "";""2011JJ00"";""  656372"""
"952;""T001038"";""10000"";""T001019"";""CR13  "";""2012JJ00"";""  659218"""
"953;""T001038"";""10000"";""T001019"";""CR13  "";""2013JJ00"";""  661985"""
"954;""T001038"";""10000"";""T001019"";""CR13  "";""2014JJ00"";""  664067"""
"955;""T001038"";""10000"";""T001019"";""CR13  "";""2015JJ00"";""  667946"""
"956;""T001038"";""10000"";""T001019"";""CR13  "";""2016JJ00"";""  672027"""
"957;""T001038"";""10000"";""T001019"";""CR13  "";""2017JJ00"";""  677662"""
"958;""T001038"";""10000"";""T001019"";""CR13  "";""2018JJ00"";""  683240"""
"959;""T001038"";""10000"";""T001019"";""CR13  "";""2019JJ00"";""  688799"""
"983;""T001038"";""10000"";""T001019"";""CR14  "";""2011JJ00"";""  401634"""
"984;""T001038"";""10000"";""T001019"";""CR14  "";""2012JJ00"";""  401476"""
"985;""T001038"";""10000"";""T001019"";""CR14  "";""2013JJ00"";""  400727"""
"986;""T001038"";""10000"";""T001019"";""CR14  "";""2014JJ00"";""  399707"""
"987;""T001038"";""10000"";""T001019"";""CR14  "";""2015JJ00"";""  398772"""
"988;""T001038"";""10000"";""T001019"";""CR14  "";""2016JJ00"";""  399260"""
"989;""T001038"";""10000"";""T001019"";""CR14  "";""2017JJ00"";""  399921"""
"990;""T001038"";""10000"";""T001019"";""CR14  "";""2018JJ00"";""  400416"""
"991;""T001038"";""10000"";""T001019"";""CR14  "";""2019JJ00"";""  400685"""
"1015;""T001038"";""10000"";""T001019"";""CR15  "";""2011JJ00"";""  711408"""
"1016;""T001038"";""10000"";""T001019"";""CR15  "";""2012JJ00"";""  714049"""
"1017;""T001038"";""10000"";""T001019"";""CR15  "";""2013JJ00"";""  716391"""
"1018;""T001038"";""10000"";""T001019"";""CR15  "";""2014JJ00"";""  718842"""
"1019;""T001038"";""10000"";""T001019"";""CR15  "";""2015JJ00"";""  722312"""
"1020;""T001038"";""10000"";""T001019"";""CR15  "";""2016JJ00"";""  725759"""
"1021;""T001038"";""10000"";""T001019"";""CR15  "";""2017JJ00"";""  730428"""
"1022;""T001038"";""10000"";""T001019"";""CR15  "";""2018JJ00"";""  735203"""
"1023;""T001038"";""10000"";""T001019"";""CR15  "";""2019JJ00"";""  738436"""
"1047;""T001038"";""10000"";""T001019"";""CR16  "";""2011JJ00"";""  235257"""
"1048;""T001038"";""10000"";""T001019"";""CR16  "";""2012JJ00"";""  236002"""
"1049;""T001038"";""10000"";""T001019"";""CR16  "";""2013JJ00"";""  236688"""
"1050;""T001038"";""10000"";""T001019"";""CR16  "";""2014JJ00"";""  237076"""
"1051;""T001038"";""10000"";""T001019"";""CR16  "";""2015JJ00"";""  237548"""
"1052;""T001038"";""10000"";""T001019"";""CR16  "";""2016JJ00"";""  238305"""
"1053;""T001038"";""10000"";""T001019"";""CR16  "";""2017JJ00"";""  239890"""
"1054;""T001038"";""10000"";""T001019"";""CR16  "";""2018JJ00"";""  241244"""
"1055;""T001038"";""10000"";""T001019"";""CR16  "";""2019JJ00"";""  244052"""
"1079;""T001038"";""10000"";""T001019"";""CR17  "";""2011JJ00"";"" 1228794"""
"1080;""T001038"";""10000"";""T001019"";""CR17  "";""2012JJ00"";"" 1237117"""
"1081;""T001038"";""10000"";""T001019"";""CR17  "";""2013JJ00"";"" 1245294"""
"1082;""T001038"";""10000"";""T001019"";""CR17  "";""2014JJ00"";"" 1253672"""
"1083;""T001038"";""10000"";""T001019"";""CR17  "";""2015JJ00"";"" 1263572"""
"1084;""T001038"";""10000"";""T001019"";""CR17  "";""2016JJ00"";"" 1273613"""
"1085;""T001038"";""10000"";""T001019"";""CR17  "";""2017JJ00"";"" 1284504"""
"1086;""T001038"";""10000"";""T001019"";""CR17  "";""2018JJ00"";"" 1295484"""
"1087;""T001038"";""10000"";""T001019"";""CR17  "";""2019JJ00"";"" 1342158"""
"1111;""T001038"";""10000"";""T001019"";""CR18  "";""2011JJ00"";""  371039"""
"1112;""T001038"";""10000"";""T001019"";""CR18  "";""2012JJ00"";""  372017"""
"1113;""T001038"";""10000"";""T001019"";""CR18  "";""2013JJ00"";""  371865"""
"1114;""T001038"";""10000"";""T001019"";""CR18  "";""2014JJ00"";""  371616"""
"1115;""T001038"";""10000"";""T001019"";""CR18  "";""2015JJ00"";""  372095"""
"1116;""T001038"";""10000"";""T001019"";""CR18  "";""2016JJ00"";""  372606"""
"1117;""T001038"";""10000"";""T001019"";""CR18  "";""2017JJ00"";""  373266"""
"1118;""T001038"";""10000"";""T001019"";""CR18  "";""2018JJ00"";""  374461"""
"1119;""T001038"";""10000"";""T001019"";""CR18  "";""2019JJ00"";""  375659"""
"1143;""T001038"";""10000"";""T001019"";""CR19  "";""2011JJ00"";""  231725"""
"1144;""T001038"";""10000"";""T001019"";""CR19  "";""2012JJ00"";""  232531"""
"1145;""T001038"";""10000"";""T001019"";""CR19  "";""2013JJ00"";""  232725"""
"1146;""T001038"";""10000"";""T001019"";""CR19  "";""2014JJ00"";""  233359"""
"1147;""T001038"";""10000"";""T001019"";""CR19  "";""2015JJ00"";""  240505"""
"1148;""T001038"";""10000"";""T001019"";""CR19  "";""2016JJ00"";""  241621"""
"1149;""T001038"";""10000"";""T001019"";""CR19  "";""2017JJ00"";""  243632"""
"1150;""T001038"";""10000"";""T001019"";""CR19  "";""2018JJ00"";""  245196"""
"1151;""T001038"";""10000"";""T001019"";""CR19  "";""2019JJ00"";""  246730"""
"1175;""T001038"";""10000"";""T001019"";""CR20  "";""2011JJ00"";""  193294"""
"1176;""T001038"";""10000"";""T001019"";""CR20  "";""2012JJ00"";""  193769"""
"1177;""T001038"";""10000"";""T001019"";""CR20  "";""2013JJ00"";""  193772"""
"1178;""T001038"";""10000"";""T001019"";""CR20  "";""2014JJ00"";""  193923"""
"1179;""T001038"";""10000"";""T001019"";""CR20  "";""2015JJ00"";""  194138"""
"1180;""T001038"";""10000"";""T001019"";""CR20  "";""2016JJ00"";""  195029"""
"1181;""T001038"";""10000"";""T001019"";""CR20  "";""2017JJ00"";""  196180"""
"1182;""T001038"";""10000"";""T001019"";""CR20  "";""2018JJ00"";""  197182"""
"1183;""T001038"";""10000"";""T001019"";""CR20  "";""2019JJ00"";""  197988"""
"1207;""T001038"";""10000"";""T001019"";""CR21  "";""2011JJ00"";""  221070"""
"1208;""T001038"";""10000"";""T001019"";""CR21  "";""2012JJ00"";""  222241"""
"1209;""T001038"";""10000"";""T001019"";""CR21  "";""2013JJ00"";""  223724"""
"1210;""T001038"";""10000"";""T001019"";""CR21  "";""2014JJ00"";""  225680"""
"1211;""T001038"";""10000"";""T001019"";""CR21  "";""2015JJ00"";""  227647"""
"1212;""T001038"";""10000"";""T001019"";""CR21  "";""2016JJ00"";""  229572"""
"1213;""T001038"";""10000"";""T001019"";""CR21  "";""2017JJ00"";""  231555"""
"1214;""T001038"";""10000"";""T001019"";""CR21  "";""2018JJ00"";""  232834"""
"1215;""T001038"";""10000"";""T001019"";""CR21  "";""2019JJ00"";""  228972"""
"1239;""T001038"";""10000"";""T001019"";""CR22  "";""2011JJ00"";""  162741"""
"1240;""T001038"";""10000"";""T001019"";""CR22  "";""2012JJ00"";""  164062"""
"1241;""T001038"";""10000"";""T001019"";""CR22  "";""2013JJ00"";""  165362"""
"1242;""T001038"";""10000"";""T001019"";""CR22  "";""2014JJ00"";""  166375"""
"1243;""T001038"";""10000"";""T001019"";""CR22  "";""2015JJ00"";""  167158"""
"1244;""T001038"";""10000"";""T001019"";""CR22  "";""2016JJ00"";""  168130"""
"1245;""T001038"";""10000"";""T001019"";""CR22  "";""2017JJ00"";""  169499"""
"1246;""T001038"";""10000"";""T001019"";""CR22  "";""2018JJ00"";""  170860"""
"1247;""T001038"";""10000"";""T001019"";""CR22  "";""2019JJ00"";""  172214"""
"1271;""T001038"";""10000"";""T001019"";""CR23  "";""2011JJ00"";"" 1267128"""
"1272;""T001038"";""10000"";""T001019"";""CR23  "";""2012JJ00"";"" 1280160"""
"1273;""T001038"";""10000"";""T001019"";""CR23  "";""2013JJ00"";"" 1291735"""
"1274;""T001038"";""10000"";""T001019"";""CR23  "";""2014JJ00"";"" 1305307"""
"1275;""T001038"";""10000"";""T001019"";""CR23  "";""2015JJ00"";"" 1313889"""
"1276;""T001038"";""10000"";""T001019"";""CR23  "";""2016JJ00"";"" 1329572"""
"1277;""T001038"";""10000"";""T001019"";""CR23  "";""2017JJ00"";"" 1344659"""
"1278;""T001038"";""10000"";""T001019"";""CR23  "";""2018JJ00"";"" 1357675"""
"1279;""T001038"";""10000"";""T001019"";""CR23  "";""2019JJ00"";"" 1376826"""
"1303;""T001038"";""10000"";""T001019"";""CR24  "";""2011JJ00"";""  244480"""
"1304;""T001038"";""10000"";""T001019"";""CR24  "";""2012JJ00"";""  245042"""
"1305;""T001038"";""10000"";""T001019"";""CR24  "";""2013JJ00"";""  245117"""
"1306;""T001038"";""10000"";""T001019"";""CR24  "";""2014JJ00"";""  245109"""
"1307;""T001038"";""10000"";""T001019"";""CR24  "";""2015JJ00"";""  246497"""
"1308;""T001038"";""10000"";""T001019"";""CR24  "";""2016JJ00"";""  248324"""
"1309;""T001038"";""10000"";""T001019"";""CR24  "";""2017JJ00"";""  250692"""
"1310;""T001038"";""10000"";""T001019"";""CR24  "";""2018JJ00"";""  252974"""
"1311;""T001038"";""10000"";""T001019"";""CR24  "";""2019JJ00"";""  254970"""
"1335;""T001038"";""10000"";""T001019"";""CR25  "";""2011JJ00"";""  407237"""
"1336;""T001038"";""10000"";""T001019"";""CR25  "";""2012JJ00"";""  409129"""
"1337;""T001038"";""10000"";""T001019"";""CR25  "";""2013JJ00"";""  411351"""
"1338;""T001038"";""10000"";""T001019"";""CR25  "";""2014JJ00"";""  413101"""
"1339;""T001038"";""10000"";""T001019"";""CR25  "";""2015JJ00"";""  415106"""
"1340;""T001038"";""10000"";""T001019"";""CR25  "";""2016JJ00"";""  418023"""
"1341;""T001038"";""10000"";""T001019"";""CR25  "";""2017JJ00"";""  421296"""
"1342;""T001038"";""10000"";""T001019"";""CR25  "";""2018JJ00"";""  424657"""
"1343;""T001038"";""10000"";""T001019"";""CR25  "";""2019JJ00"";""  427217"""
"1367;""T001038"";""10000"";""T001019"";""CR26  "";""2011JJ00"";""  810849"""
"1368;""T001038"";""10000"";""T001019"";""CR26  "";""2012JJ00"";""  819646"""
"1369;""T001038"";""10000"";""T001019"";""CR26  "";""2013JJ00"";""  825018"""
"1370;""T001038"";""10000"";""T001019"";""CR26  "";""2014JJ00"";""  830237"""
"1371;""T001038"";""10000"";""T001019"";""CR26  "";""2015JJ00"";""  838015"""
"1372;""T001038"";""10000"";""T001019"";""CR26  "";""2016JJ00"";""  845425"""
"1373;""T001038"";""10000"";""T001019"";""CR26  "";""2017JJ00"";""  853987"""
"1374;""T001038"";""10000"";""T001019"";""CR26  "";""2018JJ00"";""  864129"""
"1375;""T001038"";""10000"";""T001019"";""CR26  "";""2019JJ00"";""  872211"""
"1399;""T001038"";""10000"";""T001019"";""CR27  "";""2011JJ00"";""  215620"""
"1400;""T001038"";""10000"";""T001019"";""CR27  "";""2012JJ00"";""  218880"""
"1401;""T001038"";""10000"";""T001019"";""CR27  "";""2013JJ00"";""  220046"""
"1402;""T001038"";""10000"";""T001019"";""CR27  "";""2014JJ00"";""  221743"""
"1403;""T001038"";""10000"";""T001019"";""CR27  "";""2015JJ00"";""  224041"""
"1404;""T001038"";""10000"";""T001019"";""CR27  "";""2016JJ00"";""  224867"""
"1405;""T001038"";""10000"";""T001019"";""CR27  "";""2017JJ00"";""  226047"""
"1406;""T001038"";""10000"";""T001019"";""CR27  "";""2018JJ00"";""  229083"""
"1407;""T001038"";""10000"";""T001019"";""CR27  "";""2019JJ00"";""  231157"""
"1431;""T001038"";""10000"";""T001019"";""CR28  "";""2011JJ00"";""  293819"""
"1432;""T001038"";""10000"";""T001019"";""CR28  "";""2012JJ00"";""  294376"""
"1433;""T001038"";""10000"";""T001019"";""CR28  "";""2013JJ00"";""  294237"""
"1434;""T001038"";""10000"";""T001019"";""CR28  "";""2014JJ00"";""  294815"""
"1435;""T001038"";""10000"";""T001019"";""CR28  "";""2015JJ00"";""  318688"""
"1436;""T001038"";""10000"";""T001019"";""CR28  "";""2016JJ00"";""  320758"""
"1437;""T001038"";""10000"";""T001019"";""CR28  "";""2017JJ00"";""  324054"""
"1438;""T001038"";""10000"";""T001019"";""CR28  "";""2018JJ00"";""  327821"""
"1439;""T001038"";""10000"";""T001019"";""CR28  "";""2019JJ00"";""  331621"""
"1463;""T001038"";""10000"";""T001019"";""CR29  "";""2011JJ00"";"" 1404791"""
"1464;""T001038"";""10000"";""T001019"";""CR29  "";""2012JJ00"";"" 1412582"""
"1465;""T001038"";""10000"";""T001019"";""CR29  "";""2013JJ00"";"" 1414690"""
"1466;""T001038"";""10000"";""T001019"";""CR29  "";""2014JJ00"";"" 1417821"""
"1467;""T001038"";""10000"";""T001019"";""CR29  "";""2015JJ00"";"" 1403932"""
"1468;""T001038"";""10000"";""T001019"";""CR29  "";""2016JJ00"";"" 1412322"""
"1469;""T001038"";""10000"";""T001019"";""CR29  "";""2017JJ00"";"" 1422465"""
"1470;""T001038"";""10000"";""T001019"";""CR29  "";""2018JJ00"";"" 1431245"""
"1471;""T001038"";""10000"";""T001019"";""CR29  "";""2019JJ00"";"" 1441452"""
"1495;""T001038"";""10000"";""T001019"";""CR30  "";""2011JJ00"";""  396008"""
"1496;""T001038"";""10000"";""T001019"";""CR30  "";""2012JJ00"";""  397794"""
"1497;""T001038"";""10000"";""T001019"";""CR30  "";""2013JJ00"";""  398593"""
"1498;""T001038"";""10000"";""T001019"";""CR30  "";""2014JJ00"";""  399315"""
"1499;""T001038"";""10000"";""T001019"";""CR30  "";""2015JJ00"";""  400229"""
"1500;""T001038"";""10000"";""T001019"";""CR30  "";""2016JJ00"";""  400908"""
"1501;""T001038"";""10000"";""T001019"";""CR30  "";""2017JJ00"";""  402373"""
"1502;""T001038"";""10000"";""T001019"";""CR30  "";""2018JJ00"";""  404109"""
"1503;""T001038"";""10000"";""T001019"";""CR30  "";""2019JJ00"";""  370235"""
"1527;""T001038"";""10000"";""T001019"";""CR31  "";""2011JJ00"";""  106521"""
"1528;""T001038"";""10000"";""T001019"";""CR31  "";""2012JJ00"";""  106266"""
"1529;""T001038"";""10000"";""T001019"";""CR31  "";""2013JJ00"";""  106129"""
"1530;""T001038"";""10000"";""T001019"";""CR31  "";""2014JJ00"";""  105917"""
"1531;""T001038"";""10000"";""T001019"";""CR31  "";""2015JJ00"";""  105684"""
"1532;""T001038"";""10000"";""T001019"";""CR31  "";""2016JJ00"";""  105668"""
"1533;""T001038"";""10000"";""T001019"";""CR31  "";""2017JJ00"";""  105641"""
"1534;""T001038"";""10000"";""T001019"";""CR31  "";""2018JJ00"";""  105438"""
"1535;""T001038"";""10000"";""T001019"";""CR31  "";""2019JJ00"";""  105499"""
"1559;""T001038"";""10000"";""T001019"";""CR32  "";""2011JJ00"";""  275009"""
"1560;""T001038"";""10000"";""T001019"";""CR32  "";""2012JJ00"";""  275141"""
"1561;""T001038"";""10000"";""T001019"";""CR32  "";""2013JJ00"";""  274948"""
"1562;""T001038"";""10000"";""T001019"";""CR32  "";""2014JJ00"";""  274704"""
"1563;""T001038"";""10000"";""T001019"";""CR32  "";""2015JJ00"";""  275042"""
"1564;""T001038"";""10000"";""T001019"";""CR32  "";""2016JJ00"";""  275584"""
"1565;""T001038"";""10000"";""T001019"";""CR32  "";""2017JJ00"";""  275927"""
"1566;""T001038"";""10000"";""T001019"";""CR32  "";""2018JJ00"";""  276866"""
"1567;""T001038"";""10000"";""T001019"";""CR32  "";""2019JJ00"";""  277533"""
"1591;""T001038"";""10000"";""T001019"";""CR33  "";""2011JJ00"";""  616257"""
"1592;""T001038"";""10000"";""T001019"";""CR33  "";""2012JJ00"";""  618563"""
"1593;""T001038"";""10000"";""T001019"";""CR33  "";""2013JJ00"";""  620205"""
"1594;""T001038"";""10000"";""T001019"";""CR33  "";""2014JJ00"";""  622052"""
"1595;""T001038"";""10000"";""T001019"";""CR33  "";""2015JJ00"";""  623882"""
"1596;""T001038"";""10000"";""T001019"";""CR33  "";""2016JJ00"";""  625319"""
"1597;""T001038"";""10000"";""T001019"";""CR33  "";""2017JJ00"";""  627967"""
"1598;""T001038"";""10000"";""T001019"";""CR33  "";""2018JJ00"";""  631423"""
"1599;""T001038"";""10000"";""T001019"";""CR33  "";""2019JJ00"";""  634030"""
"1623;""T001038"";""10000"";""T001019"";""CR34  "";""2011JJ00"";""  459483"""
"1624;""T001038"";""10000"";""T001019"";""CR34  "";""2012JJ00"";""  461329"""
"1625;""T001038"";""10000"";""T001019"";""CR34  "";""2013JJ00"";""  463038"""
"1626;""T001038"";""10000"";""T001019"";""CR34  "";""2014JJ00"";""  465254"""
"1627;""T001038"";""10000"";""T001019"";""CR34  "";""2015JJ00"";""  466683"""
"1628;""T001038"";""10000"";""T001019"";""CR34  "";""2016JJ00"";""  469184"""
"1629;""T001038"";""10000"";""T001019"";""CR34  "";""2017JJ00"";""  471737"""
"1630;""T001038"";""10000"";""T001019"";""CR34  "";""2018JJ00"";""  475223"""
"1631;""T001038"";""10000"";""T001019"";""CR34  "";""2019JJ00"";""  478957"""
"1655;""T001038"";""10000"";""T001019"";""CR35  "";""2011JJ00"";""  639620"""
"1656;""T001038"";""10000"";""T001019"";""CR35  "";""2012JJ00"";""  641417"""
"1657;""T001038"";""10000"";""T001019"";""CR35  "";""2013JJ00"";""  642749"""
"1658;""T001038"";""10000"";""T001019"";""CR35  "";""2014JJ00"";""  643642"""
"1659;""T001038"";""10000"";""T001019"";""CR35  "";""2015JJ00"";""  645663"""
"1660;""T001038"";""10000"";""T001019"";""CR35  "";""2016JJ00"";""  647631"""
"1661;""T001038"";""10000"";""T001019"";""CR35  "";""2017JJ00"";""  651064"""
"1662;""T001038"";""10000"";""T001019"";""CR35  "";""2018JJ00"";""  654822"""
"1663;""T001038"";""10000"";""T001019"";""CR35  "";""2019JJ00"";""  658616"""
"1687;""T001038"";""10000"";""T001019"";""CR36  "";""2011JJ00"";""  738855"""
"1688;""T001038"";""10000"";""T001019"";""CR36  "";""2012JJ00"";""  742377"""
"1689;""T001038"";""10000"";""T001019"";""CR36  "";""2013JJ00"";""  745019"""
"1690;""T001038"";""10000"";""T001019"";""CR36  "";""2014JJ00"";""  748326"""
"1691;""T001038"";""10000"";""T001019"";""CR36  "";""2015JJ00"";""  752523"""
"1692;""T001038"";""10000"";""T001019"";""CR36  "";""2016JJ00"";""  756615"""
"1693;""T001038"";""10000"";""T001019"";""CR36  "";""2017JJ00"";""  761763"""
"1694;""T001038"";""10000"";""T001019"";""CR36  "";""2018JJ00"";""  766818"""
"1695;""T001038"";""10000"";""T001019"";""CR36  "";""2019JJ00"";""  773203"""
"1719;""T001038"";""10000"";""T001019"";""CR37  "";""2011JJ00"";""  280103"""
"1720;""T001038"";""10000"";""T001019"";""CR37  "";""2012JJ00"";""  280443"""
"1721;""T001038"";""10000"";""T001019"";""CR37  "";""2013JJ00"";""  280418"""
"1722;""T001038"";""10000"";""T001019"";""CR37  "";""2014JJ00"";""  280517"""
"1723;""T001038"";""10000"";""T001019"";""CR37  "";""2015JJ00"";""  280552"""
"1724;""T001038"";""10000"";""T001019"";""CR37  "";""2016JJ00"";""  279971"""
"1725;""T001038"";""10000"";""T001019"";""CR37  "";""2017JJ00"";""  281514"""
"1726;""T001038"";""10000"";""T001019"";""CR37  "";""2018JJ00"";""  281486"""
"1727;""T001038"";""10000"";""T001019"";""CR37  "";""2019JJ00"";""  282067"""
"1751;""T001038"";""10000"";""T001019"";""CR38  "";""2011JJ00"";""  235211"""
"1752;""T001038"";""10000"";""T001019"";""CR38  "";""2012JJ00"";""  235418"""
"1753;""T001038"";""10000"";""T001019"";""CR38  "";""2013JJ00"";""  235573"""
"1754;""T001038"";""10000"";""T001019"";""CR38  "";""2014JJ00"";""  235335"""
"1755;""T001038"";""10000"";""T001019"";""CR38  "";""2015JJ00"";""  235351"""
"1756;""T001038"";""10000"";""T001019"";""CR38  "";""2016JJ00"";""  235429"""
"1757;""T001038"";""10000"";""T001019"";""CR38  "";""2017JJ00"";""  235995"""
"1758;""T001038"";""10000"";""T001019"";""CR38  "";""2018JJ00"";""  236687"""
"1759;""T001038"";""10000"";""T001019"";""CR38  "";""2019JJ00"";""  236702"""
"1783;""T001038"";""10000"";""T001019"";""CR39  "";""2011JJ00"";""  607313"""
"1784;""T001038"";""10000"";""T001019"";""CR39  "";""2012JJ00"";""  607214"""
"1785;""T001038"";""10000"";""T001019"";""CR39  "";""2013JJ00"";""  605900"""
"1786;""T001038"";""10000"";""T001019"";""CR39  "";""2014JJ00"";""  604154"""
"1787;""T001038"";""10000"";""T001019"";""CR39  "";""2015JJ00"";""  602038"""
"1788;""T001038"";""10000"";""T001019"";""CR39  "";""2016JJ00"";""  600860"""
"1789;""T001038"";""10000"";""T001019"";""CR39  "";""2017JJ00"";""  600037"""
"1790;""T001038"";""10000"";""T001019"";""CR39  "";""2018JJ00"";""  599025"""
"1791;""T001038"";""10000"";""T001019"";""CR39  "";""2019JJ00"";""  597368"""
"1815;""T001038"";""10000"";""T001019"";""CR40  "";""2011JJ00"";""  391967"""
"1816;""T001038"";""10000"";""T001019"";""CR40  "";""2012JJ00"";""  395525"""
"1817;""T001038"";""10000"";""T001019"";""CR40  "";""2013JJ00"";""  398441"""
"1818;""T001038"";""10000"";""T001019"";""CR40  "";""2014JJ00"";""  399893"""
"1819;""T001038"";""10000"";""T001019"";""CR40  "";""2015JJ00"";""  401791"""
"1820;""T001038"";""10000"";""T001019"";""CR40  "";""2016JJ00"";""  404068"""
"1821;""T001038"";""10000"";""T001019"";""CR40  "";""2017JJ00"";""  407818"""
"1822;""T001038"";""10000"";""T001019"";""CR40  "";""2018JJ00"";""  411670"""
"1823;""T001038"";""10000"";""T001019"";""CR40  "";""2019JJ00"";""  416546"""