"Status van bewoning;""Regio's"";""Perioden"";""Totale woningvoorraad (aantal)"";""Koopwoningen (aantal)"";""Huurwoningen/Totaal huurwoningen (aantal)"";""Huurwoningen/Eigendom woningcorporatie (aantal)"";""Huurwoningen/Eigendom overige verhuurders (aantal)"";""Eigendom onbekend (aantal)"""
"Totaal;""Oost-Groningen (CR)"";""2012"";68173;43798;23830;18383;5447;545"
"Totaal;""Oost-Groningen (CR)"";""2013"";68205;43860;24013;18383;5630;332"
"Totaal;""Oost-Groningen (CR)"";""2014"";68883;43690;24441;18465;5976;752"
"Totaal;""Oost-Groningen (CR)"";""2015"";69232;43691;24714;18714;6000;827"
"Totaal;""Oost-Groningen (CR)"";""2016"";69426;43543;24951;18535;6416;932"
"Totaal;""Oost-Groningen (CR)"";""2017"";69570;43424;25080;18455;6625;1066"
"Totaal;""Oost-Groningen (CR)"";""2018"";64154;40320;22797;16903;5894;1037"
"Totaal;""Oost-Groningen (CR)"";""2019"";64267;40975;22732;17224;5508;560"
"Totaal;""Oost-Groningen (CR)"";""2020"";64431;40937;22905;17213;5692;589"
"Totaal;""Delfzijl en omgeving (CR)"";""2012"";22192;13309;8802;7068;1734;81"
"Totaal;""Delfzijl en omgeving (CR)"";""2013"";22320;13337;8905;7162;1743;78"
"Totaal;""Delfzijl en omgeving (CR)"";""2014"";22690;13305;9353;7420;1933;32"
"Totaal;""Delfzijl en omgeving (CR)"";""2015"";22739;13270;9432;7442;1990;37"
"Totaal;""Delfzijl en omgeving (CR)"";""2016"";22802;13498;9102;7384;1718;202"
"Totaal;""Delfzijl en omgeving (CR)"";""2017"";22763;13442;9119;7325;1794;202"
"Totaal;""Delfzijl en omgeving (CR)"";""2018"";22853;13437;9283;7338;1945;133"
"Totaal;""Delfzijl en omgeving (CR)"";""2019"";22912;13467;9404;7375;2029;41"
"Totaal;""Delfzijl en omgeving (CR)"";""2020"";22952;13415;9513;7374;2139;24"
"Totaal;""Overig Groningen (CR)"";""2012"";174967;91132;81027;55278;25749;2808"
"Totaal;""Overig Groningen (CR)"";""2013"";176941;91459;83438;56117;27321;2044"
"Totaal;""Overig Groningen (CR)"";""2014"";179514;91763;85859;56518;29341;1892"
"Totaal;""Overig Groningen (CR)"";""2015"";180803;91988;87592;59390;28202;1223"
"Totaal;""Overig Groningen (CR)"";""2016"";182491;92507;88665;58967;29698;1319"
"Totaal;""Overig Groningen (CR)"";""2017"";184395;93174;90048;58638;31410;1173"
"Totaal;""Overig Groningen (CR)"";""2018"";190106;98218;90288;58432;31856;1600"
"Totaal;""Overig Groningen (CR)"";""2019"";192483;99842;92018;59007;33011;623"
"Totaal;""Overig Groningen (CR)"";""2020"";194664;100232;93354;58594;34760;1078"
"Totaal;""Noord-Friesland (CR)"";""2012"";148548;90461;56881;42074;14807;1206"
"Totaal;""Noord-Friesland (CR)"";""2013"";149433;90829;57793;42179;15614;811"
"Totaal;""Noord-Friesland (CR)"";""2014"";147779;88671;57634;41023;16611;1474"
"Totaal;""Noord-Friesland (CR)"";""2015"";148836;88769;58423;41446;16977;1644"
"Totaal;""Noord-Friesland (CR)"";""2016"";149548;88937;58811;40632;18179;1800"
"Totaal;""Noord-Friesland (CR)"";""2017"";150168;89178;59211;40579;18632;1779"
"Totaal;""Noord-Friesland (CR)"";""2018"";149067;88509;58711;40482;18229;1847"
"Totaal;""Noord-Friesland (CR)"";""2019"";149997;90286;59146;41272;17874;565"
"Totaal;""Noord-Friesland (CR)"";""2020"";151788;90518;60655;41135;19520;615"
"Totaal;""Zuidwest-Friesland (CR)"";""2012"";47812;30687;16828;13135;3693;297"
"Totaal;""Zuidwest-Friesland (CR)"";""2013"";48780;31318;17176;13269;3907;286"
"Totaal;""Zuidwest-Friesland (CR)"";""2014"";61139;39490;21208;16252;4956;441"
"Totaal;""Zuidwest-Friesland (CR)"";""2015"";61663;39689;21097;16266;4831;877"
"Totaal;""Zuidwest-Friesland (CR)"";""2016"";61831;39789;21119;16149;4970;923"
"Totaal;""Zuidwest-Friesland (CR)"";""2017"";62004;39997;21055;15927;5128;952"
"Totaal;""Zuidwest-Friesland (CR)"";""2018"";64682;42497;21215;16309;4906;970"
"Totaal;""Zuidwest-Friesland (CR)"";""2019"";65124;43327;21582;16756;4826;215"
"Totaal;""Zuidwest-Friesland (CR)"";""2020"";65466;43566;21687;16706;4981;213"
"Totaal;""Zuidoost-Friesland (CR)"";""2012"";90980;56808;33514;26780;6734;658"
"Totaal;""Zuidoost-Friesland (CR)"";""2013"";91167;57215;33581;26669;6912;371"
"Totaal;""Zuidoost-Friesland (CR)"";""2014"";83262;51109;31255;24642;6613;898"
"Totaal;""Zuidoost-Friesland (CR)"";""2015"";83670;51316;31418;24736;6682;936"
"Totaal;""Zuidoost-Friesland (CR)"";""2016"";84161;51506;31454;24377;7077;1201"
"Totaal;""Zuidoost-Friesland (CR)"";""2017"";84291;51745;31386;24211;7175;1160"
"Totaal;""Zuidoost-Friesland (CR)"";""2018"";84676;52418;31014;23936;7078;1244"
"Totaal;""Zuidoost-Friesland (CR)"";""2019"";85117;53534;31323;24005;7318;260"
"Totaal;""Zuidoost-Friesland (CR)"";""2020"";85324;53807;31276;23923;7353;241"
"Totaal;""Noord-Drenthe (CR)"";""2012"";84431;55671;26996;19242;7754;1764"
"Totaal;""Noord-Drenthe (CR)"";""2013"";83576;55602;27180;19348;7832;794"
"Totaal;""Noord-Drenthe (CR)"";""2014"";84187;55767;27840;19357;8483;580"
"Totaal;""Noord-Drenthe (CR)"";""2015"";84347;55934;27636;19370;8266;777"
"Totaal;""Noord-Drenthe (CR)"";""2016"";84365;56152;27365;19336;8029;848"
"Totaal;""Noord-Drenthe (CR)"";""2017"";85045;56337;27712;19392;8320;996"
"Totaal;""Noord-Drenthe (CR)"";""2018"";85753;57178;27530;19269;8261;1045"
"Totaal;""Noord-Drenthe (CR)"";""2019"";86259;58542;27340;19476;7864;377"
"Totaal;""Noord-Drenthe (CR)"";""2020"";87028;58847;27770;19585;8185;411"
"Totaal;""Zuidoost-Drenthe (CR)"";""2012"";79710;49795;27919;20844;7075;1996"
"Totaal;""Zuidoost-Drenthe (CR)"";""2013"";75396;48528;26121;19716;6405;747"
"Totaal;""Zuidoost-Drenthe (CR)"";""2014"";76304;48685;26484;19593;6891;1135"
"Totaal;""Zuidoost-Drenthe (CR)"";""2015"";76242;48681;26612;19627;6985;949"
"Totaal;""Zuidoost-Drenthe (CR)"";""2016"";76174;49015;26329;19461;6868;830"
"Totaal;""Zuidoost-Drenthe (CR)"";""2017"";75644;48787;26099;19445;6654;758"
"Totaal;""Zuidoost-Drenthe (CR)"";""2018"";76009;48865;26394;19522;6872;750"
"Totaal;""Zuidoost-Drenthe (CR)"";""2019"";76353;49797;26446;20190;6256;110"
"Totaal;""Zuidoost-Drenthe (CR)"";""2020"";76237;49773;26357;20173;6184;107"
"Totaal;""Zuidwest-Drenthe (CR)"";""2012"";55291;35826;19269;14979;4290;196"
"Totaal;""Zuidwest-Drenthe (CR)"";""2013"";55918;36229;19452;14908;4544;237"
"Totaal;""Zuidwest-Drenthe (CR)"";""2014"";57534;36559;20138;14965;5173;837"
"Totaal;""Zuidwest-Drenthe (CR)"";""2015"";57794;36627;20441;14921;5520;726"
"Totaal;""Zuidwest-Drenthe (CR)"";""2016"";58086;36887;20199;15043;5156;1000"
"Totaal;""Zuidwest-Drenthe (CR)"";""2017"";58551;37073;20478;15013;5465;1000"
"Totaal;""Zuidwest-Drenthe (CR)"";""2018"";59056;37703;20384;15210;5174;969"
"Totaal;""Zuidwest-Drenthe (CR)"";""2019"";59585;38401;21049;15992;5057;135"
"Totaal;""Zuidwest-Drenthe (CR)"";""2020"";59986;38647;21100;15536;5564;239"
"Totaal;""Noord-Overijssel (CR)"";""2012"";149694;92364;55842;39581;16261;1488"
"Totaal;""Noord-Overijssel (CR)"";""2013"";150741;93098;56446;39799;16647;1197"
"Totaal;""Noord-Overijssel (CR)"";""2014"";150491;92933;56383;39734;16649;1175"
"Totaal;""Noord-Overijssel (CR)"";""2015"";151497;93679;56722;40042;16680;1096"
"Totaal;""Noord-Overijssel (CR)"";""2016"";153151;94247;57755;40003;17752;1149"
"Totaal;""Noord-Overijssel (CR)"";""2017"";154596;95072;58475;40122;18353;1049"
"Totaal;""Noord-Overijssel (CR)"";""2018"";156175;97110;57983;40465;17518;1082"
"Totaal;""Noord-Overijssel (CR)"";""2019"";158322;99893;57810;41251;16559;619"
"Totaal;""Noord-Overijssel (CR)"";""2020"";160274;100924;58769;41463;17306;581"
"Totaal;""Zuidwest-Overijssel (CR)"";""2012"";64561;38647;25491;18932;6559;423"
"Totaal;""Zuidwest-Overijssel (CR)"";""2013"";64688;38814;25600;18768;6832;274"
"Totaal;""Zuidwest-Overijssel (CR)"";""2014"";64867;39084;25520;18468;7052;263"
"Totaal;""Zuidwest-Overijssel (CR)"";""2015"";65391;39159;25656;18548;7108;576"
"Totaal;""Zuidwest-Overijssel (CR)"";""2016"";66392;39675;26422;18951;7471;295"
"Totaal;""Zuidwest-Overijssel (CR)"";""2017"";67541;39723;27485;19185;8300;333"
"Totaal;""Zuidwest-Overijssel (CR)"";""2018"";67909;40434;27288;19122;8166;187"
"Totaal;""Zuidwest-Overijssel (CR)"";""2019"";68741;41444;27167;19131;8036;130"
"Totaal;""Zuidwest-Overijssel (CR)"";""2020"";69614;41696;27659;19299;8360;259"
"Totaal;""Twente (CR)"";""2012"";268317;158478;106712;81215;25497;3127"
"Totaal;""Twente (CR)"";""2013"";269962;159424;108221;81236;26985;2317"
"Totaal;""Twente (CR)"";""2014"";272219;159799;108946;80414;28532;3474"
"Totaal;""Twente (CR)"";""2015"";273339;160819;109185;82885;26300;3335"
"Totaal;""Twente (CR)"";""2016"";274214;161282;109117;80430;28687;3815"
"Totaal;""Twente (CR)"";""2017"";275224;161070;110366;81184;29182;3788"
"Totaal;""Twente (CR)"";""2018"";275867;164895;107539;79833;27706;3433"
"Totaal;""Twente (CR)"";""2019"";278280;167106;110635;80274;30361;539"
"Totaal;""Twente (CR)"";""2020"";280408;168224;111453;80053;31400;731"
"Totaal;""Veluwe (CR)"";""2012"";269671;166919;95578;69569;26009;7174"
"Totaal;""Veluwe (CR)"";""2013"";275601;168293;101206;70591;30615;6102"
"Totaal;""Veluwe (CR)"";""2014"";279092;169451;103764;69943;33821;5877"
"Totaal;""Veluwe (CR)"";""2015"";281918;171269;104901;72785;32116;5748"
"Totaal;""Veluwe (CR)"";""2016"";285281;173654;105563;72391;33172;6064"
"Totaal;""Veluwe (CR)"";""2017"";285293;174839;105149;71102;34047;5305"
"Totaal;""Veluwe (CR)"";""2018"";286046;178300;103715;72165;31550;4031"
"Totaal;""Veluwe (CR)"";""2019"";289386;182171;106244;74981;31263;971"
"Totaal;""Veluwe (CR)"";""2020"";293144;184741;107722;75080;32642;681"
"Totaal;""Achterhoek (CR)"";""2012"";170299;110446;58320;41498;16822;1533"
"Totaal;""Achterhoek (CR)"";""2013"";172556;111684;59536;41752;17784;1336"
"Totaal;""Achterhoek (CR)"";""2014"";174645;112375;60526;41626;18900;1744"
"Totaal;""Achterhoek (CR)"";""2015"";175576;112965;60944;42207;18737;1667"
"Totaal;""Achterhoek (CR)"";""2016"";176238;113569;60911;42196;18715;1758"
"Totaal;""Achterhoek (CR)"";""2017"";176997;113977;61349;42203;19146;1671"
"Totaal;""Achterhoek (CR)"";""2018"";177868;116033;60182;42155;18027;1653"
"Totaal;""Achterhoek (CR)"";""2019"";179045;117791;60936;43154;17782;318"
"Totaal;""Achterhoek (CR)"";""2020"";179906;118460;61172;43028;18144;274"
"Totaal;""Arnhem/Nijmegen (CR)"";""2012"";312086;169630;139178;100854;38324;3278"
"Totaal;""Arnhem/Nijmegen (CR)"";""2013"";317640;171268;142817;102278;40539;3555"
"Totaal;""Arnhem/Nijmegen (CR)"";""2014"";320661;171573;144729;101967;42762;4359"
"Totaal;""Arnhem/Nijmegen (CR)"";""2015"";324379;172664;148640;105351;43289;3075"
"Totaal;""Arnhem/Nijmegen (CR)"";""2016"";327245;174276;149677;105648;44029;3292"
"Totaal;""Arnhem/Nijmegen (CR)"";""2017"";328001;174851;149511;103524;45987;3639"
"Totaal;""Arnhem/Nijmegen (CR)"";""2018"";331348;179242;148800;104263;44537;3306"
"Totaal;""Arnhem/Nijmegen (CR)"";""2019"";334914;183501;149613;104967;44646;1800"
"Totaal;""Arnhem/Nijmegen (CR)"";""2020"";338181;184905;151034;105071;45963;2242"
"Totaal;""Zuidwest-Gelderland (CR)"";""2012"";93137;60206;31951;25106;6845;980"
"Totaal;""Zuidwest-Gelderland (CR)"";""2013"";94050;60927;32304;25662;6642;819"
"Totaal;""Zuidwest-Gelderland (CR)"";""2014"";95012;61564;32583;25473;7110;865"
"Totaal;""Zuidwest-Gelderland (CR)"";""2015"";95789;62178;32692;25524;7168;919"
"Totaal;""Zuidwest-Gelderland (CR)"";""2016"";96915;63450;32448;25501;6947;1017"
"Totaal;""Zuidwest-Gelderland (CR)"";""2017"";97771;63561;33173;25452;7721;1037"
"Totaal;""Zuidwest-Gelderland (CR)"";""2018"";98727;64424;33356;25495;7861;947"
"Totaal;""Zuidwest-Gelderland (CR)"";""2019"";99911;66803;32624;25612;7012;484"
"Totaal;""Zuidwest-Gelderland (CR)"";""2020"";101141;67824;32840;25394;7446;477"
"Totaal;""Utrecht (CR)"";""2012"";528124;303721;215302;153353;61949;9101"
"Totaal;""Utrecht (CR)"";""2013"";534592;307541;221205;154208;66997;5846"
"Totaal;""Utrecht (CR)"";""2014"";539078;308395;224440;153103;71337;6243"
"Totaal;""Utrecht (CR)"";""2015"";543473;310707;225860;155523;70337;6906"
"Totaal;""Utrecht (CR)"";""2016"";548114;313875;227499;153959;73540;6740"
"Totaal;""Utrecht (CR)"";""2017"";554305;316916;230281;153801;76480;7108"
"Totaal;""Utrecht (CR)"";""2018"";557564;319764;231170;153840;77330;6630"
"Totaal;""Utrecht (CR)"";""2019"";578906;339464;237872;160241;77631;1570"
"Totaal;""Utrecht (CR)"";""2020"";585924;342060;241833;160618;81215;2031"
"Totaal;""Kop van Noord-Holland (CR)"";""2012"";159262;103067;55456;43493;11963;739"
"Totaal;""Kop van Noord-Holland (CR)"";""2013"";160576;103728;56169;43497;12672;679"
"Totaal;""Kop van Noord-Holland (CR)"";""2014"";163383;104263;57495;43075;14420;1625"
"Totaal;""Kop van Noord-Holland (CR)"";""2015"";164485;105122;57758;43267;14491;1605"
"Totaal;""Kop van Noord-Holland (CR)"";""2016"";165276;105915;57925;43025;14900;1436"
"Totaal;""Kop van Noord-Holland (CR)"";""2017"";166185;106492;58141;42912;15229;1552"
"Totaal;""Kop van Noord-Holland (CR)"";""2018"";166967;107884;57571;40795;16776;1512"
"Totaal;""Kop van Noord-Holland (CR)"";""2019"";167843;110281;56953;43083;13870;609"
"Totaal;""Kop van Noord-Holland (CR)"";""2020"";168987;110906;57397;42839;14558;684"
"Totaal;""Alkmaar en omgeving (CR)"";""2012"";102361;66278;35412;25649;9763;671"
"Totaal;""Alkmaar en omgeving (CR)"";""2013"";103034;66722;35741;25063;10678;571"
"Totaal;""Alkmaar en omgeving (CR)"";""2014"";105025;67111;36628;26134;10494;1286"
"Totaal;""Alkmaar en omgeving (CR)"";""2015"";108564;69281;37802;26604;11198;1481"
"Totaal;""Alkmaar en omgeving (CR)"";""2016"";109161;69616;38127;26699;11428;1418"
"Totaal;""Alkmaar en omgeving (CR)"";""2017"";109926;69837;38710;26722;11988;1379"
"Totaal;""Alkmaar en omgeving (CR)"";""2018"";111154;71532;38233;26808;11425;1389"
"Totaal;""Alkmaar en omgeving (CR)"";""2019"";111888;72988;38778;27293;11485;122"
"Totaal;""Alkmaar en omgeving (CR)"";""2020"";113021;73410;39449;27422;12027;162"
"Totaal;""IJmond (CR)"";""2012"";85161;50523;34157;27371;6786;481"
"Totaal;""IJmond (CR)"";""2013"";85749;50816;34617;27473;7144;316"
"Totaal;""IJmond (CR)"";""2014"";87217;51035;35807;27262;8545;375"
"Totaal;""IJmond (CR)"";""2015"";87579;51368;35850;27361;8489;361"
"Totaal;""IJmond (CR)"";""2016"";87913;51711;35827;27125;8702;375"
"Totaal;""IJmond (CR)"";""2017"";88711;52201;35958;27238;8720;552"
"Totaal;""IJmond (CR)"";""2018"";88758;53559;34829;27115;7714;370"
"Totaal;""IJmond (CR)"";""2019"";89300;54447;34547;27898;6649;306"
"Totaal;""IJmond (CR)"";""2020"";89976;54996;34722;27739;6983;258"
"Totaal;""Agglomeratie Haarlem (CR)"";""2012"";103767;57689;44677;30830;13847;1401"
"Totaal;""Agglomeratie Haarlem (CR)"";""2013"";104602;58155;45542;30986;14556;905"
"Totaal;""Agglomeratie Haarlem (CR)"";""2014"";105712;58610;46222;30661;15561;880"
"Totaal;""Agglomeratie Haarlem (CR)"";""2015"";106849;59214;46862;30857;16005;773"
"Totaal;""Agglomeratie Haarlem (CR)"";""2016"";107578;59854;46845;30542;16303;879"
"Totaal;""Agglomeratie Haarlem (CR)"";""2017"";108104;60177;47011;30437;16574;916"
"Totaal;""Agglomeratie Haarlem (CR)"";""2018"";109131;61369;46745;30279;16466;1017"
"Totaal;""Agglomeratie Haarlem (CR)"";""2019"";107769;60650;46475;30456;16019;644"
"Totaal;""Agglomeratie Haarlem (CR)"";""2020"";108806;60890;47230;30343;16887;686"
"Totaal;""Zaanstreek (CR)"";""2012"";71619;37950;33545;28730;4815;124"
"Totaal;""Zaanstreek (CR)"";""2013"";72622;38562;33934;28745;5189;126"
"Totaal;""Zaanstreek (CR)"";""2014"";73249;38920;34111;28436;5675;218"
"Totaal;""Zaanstreek (CR)"";""2015"";73245;39270;33888;28112;5776;87"
"Totaal;""Zaanstreek (CR)"";""2016"";73645;39739;33663;27895;5768;243"
"Totaal;""Zaanstreek (CR)"";""2017"";74240;40121;33886;27818;6068;233"
"Totaal;""Zaanstreek (CR)"";""2018"";74828;41253;33300;27765;5535;275"
"Totaal;""Zaanstreek (CR)"";""2019"";75364;41886;33357;27950;5407;121"
"Totaal;""Zaanstreek (CR)"";""2020"";75918;42164;33626;27842;5784;128"
"Totaal;""Groot-Amsterdam (CR)"";""2012"";621572;239789;371586;244873;126713;10197"
"Totaal;""Groot-Amsterdam (CR)"";""2013"";624834;244052;373039;243290;129749;7743"
"Totaal;""Groot-Amsterdam (CR)"";""2014"";630576;247190;376165;242458;133707;7221"
"Totaal;""Groot-Amsterdam (CR)"";""2015"";632971;249672;379216;247475;131741;4083"
"Totaal;""Groot-Amsterdam (CR)"";""2016"";642104;253738;382410;242686;139724;5956"
"Totaal;""Groot-Amsterdam (CR)"";""2017"";644368;255539;384148;239962;144186;4681"
"Totaal;""Groot-Amsterdam (CR)"";""2018"";650678;259769;386646;241834;144812;4263"
"Totaal;""Groot-Amsterdam (CR)"";""2019"";664293;266859;395992;240439;155553;1442"
"Totaal;""Groot-Amsterdam (CR)"";""2020"";673400;267744;402927;238769;164158;2729"
"Totaal;""Het Gooi en Vechtstreek (CR)"";""2012"";109779;64901;44461;31928;12533;417"
"Totaal;""Het Gooi en Vechtstreek (CR)"";""2013"";111370;65547;45316;32028;13288;507"
"Totaal;""Het Gooi en Vechtstreek (CR)"";""2014"";113371;65697;46147;31653;14494;1527"
"Totaal;""Het Gooi en Vechtstreek (CR)"";""2015"";113978;66209;46153;31638;14515;1616"
"Totaal;""Het Gooi en Vechtstreek (CR)"";""2016"";114417;66788;46080;31380;14700;1549"
"Totaal;""Het Gooi en Vechtstreek (CR)"";""2017"";115819;67318;46714;31273;15441;1787"
"Totaal;""Het Gooi en Vechtstreek (CR)"";""2018"";116820;68465;46598;31222;15376;1757"
"Totaal;""Het Gooi en Vechtstreek (CR)"";""2019"";117642;70188;47054;31849;15205;400"
"Totaal;""Het Gooi en Vechtstreek (CR)"";""2020"";118642;70608;47664;32099;15565;370"
"Totaal;""Agglomeratie Leiden en Bollenstreek (CR)"";""2012"";176485;103101;71530;49942;21588;1854"
"Totaal;""Agglomeratie Leiden en Bollenstreek (CR)"";""2013"";178368;103828;73244;50708;22536;1296"
"Totaal;""Agglomeratie Leiden en Bollenstreek (CR)"";""2014"";180355;104154;74288;50716;23572;1913"
"Totaal;""Agglomeratie Leiden en Bollenstreek (CR)"";""2015"";181360;105898;73784;51144;22640;1678"
"Totaal;""Agglomeratie Leiden en Bollenstreek (CR)"";""2016"";184115;107132;74975;50896;24079;2008"
"Totaal;""Agglomeratie Leiden en Bollenstreek (CR)"";""2017"";186529;108306;75998;51166;24832;2225"
"Totaal;""Agglomeratie Leiden en Bollenstreek (CR)"";""2018"";187979;109089;76776;50915;25861;2114"
"Totaal;""Agglomeratie Leiden en Bollenstreek (CR)"";""2019"";190310;111437;77962;51661;26301;911"
"Totaal;""Agglomeratie Leiden en Bollenstreek (CR)"";""2020"";192562;112415;79355;51623;27732;792"
"Totaal;""Agglomeratie 's-Gravenhage (CR)"";""2012"";386048;185469;196462;125878;70584;4117"
"Totaal;""Agglomeratie 's-Gravenhage (CR)"";""2013"";390701;186407;199488;126732;72756;4806"
"Totaal;""Agglomeratie 's-Gravenhage (CR)"";""2014"";397755;187153;203075;126622;76453;7527"
"Totaal;""Agglomeratie 's-Gravenhage (CR)"";""2015"";399821;188139;204559;127332;77227;7123"
"Totaal;""Agglomeratie 's-Gravenhage (CR)"";""2016"";402939;189393;206014;125606;80408;7532"
"Totaal;""Agglomeratie 's-Gravenhage (CR)"";""2017"";405971;191412;208702;125422;83280;5857"
"Totaal;""Agglomeratie 's-Gravenhage (CR)"";""2018"";408338;192139;210127;124771;85356;6072"
"Totaal;""Agglomeratie 's-Gravenhage (CR)"";""2019"";412235;197102;212528;127140;85388;2605"
"Totaal;""Agglomeratie 's-Gravenhage (CR)"";""2020"";416557;197887;215691;127947;87744;2979"
"Totaal;""Delft en Westland (CR)"";""2012"";95991;49787;45231;35380;9851;973"
"Totaal;""Delft en Westland (CR)"";""2013"";96795;50497;45637;35216;10421;661"
"Totaal;""Delft en Westland (CR)"";""2014"";97579;50811;46104;35275;10829;664"
"Totaal;""Delft en Westland (CR)"";""2015"";99116;51691;46757;36693;10064;668"
"Totaal;""Delft en Westland (CR)"";""2016"";99898;52440;46662;36548;10114;796"
"Totaal;""Delft en Westland (CR)"";""2017"";100752;52581;47448;36548;10900;723"
"Totaal;""Delft en Westland (CR)"";""2018"";101327;53162;47508;35016;12492;657"
"Totaal;""Delft en Westland (CR)"";""2019"";102934;55365;47021;35256;11765;548"
"Totaal;""Delft en Westland (CR)"";""2020"";103871;55985;47411;35154;12257;475"
"Totaal;""Oost-Zuid-Holland (CR)"";""2012"";122399;75908;45805;34269;11536;686"
"Totaal;""Oost-Zuid-Holland (CR)"";""2013"";123787;76702;46562;34654;11908;523"
"Totaal;""Oost-Zuid-Holland (CR)"";""2014"";125372;77441;47196;34912;12284;735"
"Totaal;""Oost-Zuid-Holland (CR)"";""2015"";136298;84440;51004;37929;13075;854"
"Totaal;""Oost-Zuid-Holland (CR)"";""2016"";137258;85498;50900;37726;13174;860"
"Totaal;""Oost-Zuid-Holland (CR)"";""2017"";138937;86472;51493;37910;13583;972"
"Totaal;""Oost-Zuid-Holland (CR)"";""2018"";140730;88029;51780;37884;13896;921"
"Totaal;""Oost-Zuid-Holland (CR)"";""2019"";142405;90427;51804;37809;13995;174"
"Totaal;""Oost-Zuid-Holland (CR)"";""2020"";143879;91318;52370;37878;14492;191"
"Totaal;""Groot-Rijnmond (CR)"";""2012"";653552;308021;338935;259519;79416;6596"
"Totaal;""Groot-Rijnmond (CR)"";""2013"";657097;311134;341418;257988;83430;4545"
"Totaal;""Groot-Rijnmond (CR)"";""2014"";662068;313504;343208;256358;86850;5356"
"Totaal;""Groot-Rijnmond (CR)"";""2015"";657510;309360;341339;256248;85091;6811"
"Totaal;""Groot-Rijnmond (CR)"";""2016"";658458;311255;340705;251042;89663;6498"
"Totaal;""Groot-Rijnmond (CR)"";""2017"";659055;312031;340887;250451;90436;6137"
"Totaal;""Groot-Rijnmond (CR)"";""2018"";662978;314720;341542;250595;90947;6716"
"Totaal;""Groot-Rijnmond (CR)"";""2019"";665161;323905;339279;251873;87406;1977"
"Totaal;""Groot-Rijnmond (CR)"";""2020"";672375;326262;343927;252321;91606;2186"
"Totaal;""Zuidoost-Zuid-Holland (CR)"";""2012"";170971;98034;71607;57444;14163;1330"
"Totaal;""Zuidoost-Zuid-Holland (CR)"";""2013"";171897;98676;72344;57769;14575;877"
"Totaal;""Zuidoost-Zuid-Holland (CR)"";""2014"";172968;99510;72462;57185;15277;996"
"Totaal;""Zuidoost-Zuid-Holland (CR)"";""2015"";173317;100313;71932;56962;14970;1072"
"Totaal;""Zuidoost-Zuid-Holland (CR)"";""2016"";174566;101306;72117;56513;15604;1143"
"Totaal;""Zuidoost-Zuid-Holland (CR)"";""2017"";175446;102033;72260;56146;16114;1153"
"Totaal;""Zuidoost-Zuid-Holland (CR)"";""2018"";176282;103972;71091;55809;15282;1219"
"Totaal;""Zuidoost-Zuid-Holland (CR)"";""2019"";162472;97199;64893;51088;13805;380"
"Totaal;""Zuidoost-Zuid-Holland (CR)"";""2020"";163644;98047;65282;50593;14689;315"
"Totaal;""Zeeuwsch-Vlaanderen (CR)"";""2012"";54770;37843;16716;10411;6305;211"
"Totaal;""Zeeuwsch-Vlaanderen (CR)"";""2013"";52759;36635;15981;10419;5562;143"
"Totaal;""Zeeuwsch-Vlaanderen (CR)"";""2014"";53376;36316;16582;10409;6173;478"
"Totaal;""Zeeuwsch-Vlaanderen (CR)"";""2015"";53523;36537;16529;10376;6153;457"
"Totaal;""Zeeuwsch-Vlaanderen (CR)"";""2016"";53998;36633;16591;10369;6222;774"
"Totaal;""Zeeuwsch-Vlaanderen (CR)"";""2017"";54029;36472;16857;10345;6512;700"
"Totaal;""Zeeuwsch-Vlaanderen (CR)"";""2018"";54156;36932;16516;10315;6201;708"
"Totaal;""Zeeuwsch-Vlaanderen (CR)"";""2019"";54610;37783;15426;10173;5253;1401"
"Totaal;""Zeeuwsch-Vlaanderen (CR)"";""2020"";54753;37633;15384;10107;5277;1736"
"Totaal;""Overig Zeeland (CR)"";""2012"";126474;80481;44879;32694;12185;1114"
"Totaal;""Overig Zeeland (CR)"";""2013"";127610;81115;45731;32945;12786;764"
"Totaal;""Overig Zeeland (CR)"";""2014"";128992;81315;46112;32781;13331;1565"
"Totaal;""Overig Zeeland (CR)"";""2015"";129145;81751;46004;32820;13184;1390"
"Totaal;""Overig Zeeland (CR)"";""2016"";129613;82364;45760;32660;13100;1489"
"Totaal;""Overig Zeeland (CR)"";""2017"";130325;82556;46212;32515;13697;1557"
"Totaal;""Overig Zeeland (CR)"";""2018"";131108;83994;45547;32333;13214;1567"
"Totaal;""Overig Zeeland (CR)"";""2019"";131918;86061;44707;32233;12474;1150"
"Totaal;""Overig Zeeland (CR)"";""2020"";132858;86499;44863;32094;12769;1496"
"Totaal;""West-Noord-Brabant (CR)"";""2012"";267545;164410;101702;77598;24104;1433"
"Totaal;""West-Noord-Brabant (CR)"";""2013"";270897;166212;103720;78655;25065;965"
"Totaal;""West-Noord-Brabant (CR)"";""2014"";274637;166994;106300;80179;26121;1343"
"Totaal;""West-Noord-Brabant (CR)"";""2015"";276436;167757;107453;80613;26840;1226"
"Totaal;""West-Noord-Brabant (CR)"";""2016"";277337;168639;107060;79816;27244;1638"
"Totaal;""West-Noord-Brabant (CR)"";""2017"";279474;169063;108795;79606;29189;1616"
"Totaal;""West-Noord-Brabant (CR)"";""2018"";281663;170199;109886;79738;30148;1578"
"Totaal;""West-Noord-Brabant (CR)"";""2019"";283901;175231;107811;80558;27253;859"
"Totaal;""West-Noord-Brabant (CR)"";""2020"";285958;176185;108945;80379;28566;828"
"Totaal;""Midden-Noord-Brabant (CR)"";""2012"";195277;117142;76872;57844;19028;1263"
"Totaal;""Midden-Noord-Brabant (CR)"";""2013"";197168;118417;78102;58053;20049;649"
"Totaal;""Midden-Noord-Brabant (CR)"";""2014"";201417;119024;81064;59463;21601;1329"
"Totaal;""Midden-Noord-Brabant (CR)"";""2015"";203368;119774;82313;60009;22304;1281"
"Totaal;""Midden-Noord-Brabant (CR)"";""2016"";204773;120839;82484;58952;23532;1450"
"Totaal;""Midden-Noord-Brabant (CR)"";""2017"";206036;121294;83446;58940;24506;1296"
"Totaal;""Midden-Noord-Brabant (CR)"";""2018"";208862;123538;83884;59417;24467;1440"
"Totaal;""Midden-Noord-Brabant (CR)"";""2019"";211478;125909;85006;60151;24855;563"
"Totaal;""Midden-Noord-Brabant (CR)"";""2020"";213716;126766;86049;60165;25884;901"
"Totaal;""Noordoost-Noord-Brabant (CR)"";""2012"";266435;169866;94365;72740;21625;2204"
"Totaal;""Noordoost-Noord-Brabant (CR)"";""2013"";269772;171798;96251;73933;22318;1723"
"Totaal;""Noordoost-Noord-Brabant (CR)"";""2014"";273780;172759;98020;73508;24512;3001"
"Totaal;""Noordoost-Noord-Brabant (CR)"";""2015"";276414;173985;99192;73942;25250;3237"
"Totaal;""Noordoost-Noord-Brabant (CR)"";""2016"";278874;175687;99690;74173;25517;3497"
"Totaal;""Noordoost-Noord-Brabant (CR)"";""2017"";280598;176683;100781;73847;26934;3134"
"Totaal;""Noordoost-Noord-Brabant (CR)"";""2018"";284100;179899;100630;74584;26046;3571"
"Totaal;""Noordoost-Noord-Brabant (CR)"";""2019"";287602;182771;104190;75981;28209;641"
"Totaal;""Noordoost-Noord-Brabant (CR)"";""2020"";291212;184699;105748;76202;29546;765"
"Totaal;""Zuidoost-Noord-Brabant (CR)"";""2012"";321161;195515;122950;93911;29039;2696"
"Totaal;""Zuidoost-Noord-Brabant (CR)"";""2013"";324546;197118;125535;94782;30753;1893"
"Totaal;""Zuidoost-Noord-Brabant (CR)"";""2014"";328948;198072;128387;95799;32588;2489"
"Totaal;""Zuidoost-Noord-Brabant (CR)"";""2015"";331198;199349;129548;95857;33691;2301"
"Totaal;""Zuidoost-Noord-Brabant (CR)"";""2016"";335415;200593;130855;95317;35538;3967"
"Totaal;""Zuidoost-Noord-Brabant (CR)"";""2017"";338188;201670;132683;95383;37300;3835"
"Totaal;""Zuidoost-Noord-Brabant (CR)"";""2018"";341477;205626;132840;94793;38047;3011"
"Totaal;""Zuidoost-Noord-Brabant (CR)"";""2019"";345866;209147;136108;97079;39029;611"
"Totaal;""Zuidoost-Noord-Brabant (CR)"";""2020"";349725;210599;138500;97754;40746;626"
"Totaal;""Noord-Limburg (CR)"";""2012"";120046;78255;41032;30255;10777;759"
"Totaal;""Noord-Limburg (CR)"";""2013"";120910;78531;41821;30320;11501;558"
"Totaal;""Noord-Limburg (CR)"";""2014"";121927;79166;41886;30442;11444;875"
"Totaal;""Noord-Limburg (CR)"";""2015"";122612;79299;42429;30585;11844;884"
"Totaal;""Noord-Limburg (CR)"";""2016"";122881;79605;42491;30412;12079;785"
"Totaal;""Noord-Limburg (CR)"";""2017"";123594;79784;43112;30528;12584;698"
"Totaal;""Noord-Limburg (CR)"";""2018"";124132;80880;42573;29872;12701;679"
"Totaal;""Noord-Limburg (CR)"";""2019"";124820;82335;42193;30347;11846;292"
"Totaal;""Noord-Limburg (CR)"";""2020"";125553;82731;42491;30320;12171;331"
"Totaal;""Midden-Limburg (CR)"";""2012"";103335;69623;33084;23330;9754;628"
"Totaal;""Midden-Limburg (CR)"";""2013"";104255;70044;33745;23523;10222;466"
"Totaal;""Midden-Limburg (CR)"";""2014"";106057;70877;33754;23582;10172;1426"
"Totaal;""Midden-Limburg (CR)"";""2015"";106511;70680;34291;23557;10734;1540"
"Totaal;""Midden-Limburg (CR)"";""2016"";106954;70634;34808;23505;11303;1512"
"Totaal;""Midden-Limburg (CR)"";""2017"";107065;70805;34965;23455;11510;1295"
"Totaal;""Midden-Limburg (CR)"";""2018"";107643;71770;34579;23016;11563;1294"
"Totaal;""Midden-Limburg (CR)"";""2019"";108156;72929;34912;23690;11222;315"
"Totaal;""Midden-Limburg (CR)"";""2020"";108974;73394;35188;23513;11675;392"
"Totaal;""Zuid-Limburg (CR)"";""2012"";286644;159793;123058;84863;38195;3793"
"Totaal;""Zuid-Limburg (CR)"";""2013"";288863;160110;125980;85561;40419;2773"
"Totaal;""Zuid-Limburg (CR)"";""2014"";292680;160817;127696;86500;41196;4167"
"Totaal;""Zuid-Limburg (CR)"";""2015"";294245;160309;129950;87189;42761;3986"
"Totaal;""Zuid-Limburg (CR)"";""2016"";294798;160387;130197;86586;43611;4214"
"Totaal;""Zuid-Limburg (CR)"";""2017"";296438;160542;131561;86331;45230;4335"
"Totaal;""Zuid-Limburg (CR)"";""2018"";297526;163212;129890;85506;44384;4424"
"Totaal;""Zuid-Limburg (CR)"";""2019"";298106;166052;130338;85905;44433;1716"
"Totaal;""Zuid-Limburg (CR)"";""2020"";298704;166009;130969;85865;45104;1726"
"Totaal;""Flevoland (CR)"";""2012"";158061;101537;55003;43040;11963;1521"
"Totaal;""Flevoland (CR)"";""2013"";159496;102522;56134;42861;13273;840"
"Totaal;""Flevoland (CR)"";""2014"";161512;103306;57343;43016;14327;863"
"Totaal;""Flevoland (CR)"";""2015"";162731;104143;57660;43158;14502;928"
"Totaal;""Flevoland (CR)"";""2016"";162918;104778;57357;43306;14051;783"
"Totaal;""Flevoland (CR)"";""2017"";164229;105313;58212;43218;14994;704"
"Totaal;""Flevoland (CR)"";""2018"";166487;106430;59225;43262;15963;832"
"Totaal;""Flevoland (CR)"";""2019"";169237;110598;58364;44594;13770;275"
"Totaal;""Flevoland (CR)"";""2020"";172227;112198;59731;45006;14725;298"
"Bewoonde woningen;""Oost-Groningen (CR)"";""2012"";64422;42213;21997;17535;4462;212"
"Bewoonde woningen;""Oost-Groningen (CR)"";""2013"";64777;42322;22373;17582;4791;82"
"Bewoonde woningen;""Oost-Groningen (CR)"";""2014"";65357;42201;22817;17678;5139;339"
"Bewoonde woningen;""Oost-Groningen (CR)"";""2015"";65595;42221;23065;17894;5171;309"
"Bewoonde woningen;""Oost-Groningen (CR)"";""2016"";65784;42095;23337;17781;5556;352"
"Bewoonde woningen;""Oost-Groningen (CR)"";""2017"";65965;42156;23470;17753;5717;339"
"Bewoonde woningen;""Oost-Groningen (CR)"";""2018"";60931;39269;21284;16279;5005;378"
"Bewoonde woningen;""Oost-Groningen (CR)"";""2019"";61129;39760;21262;16437;4825;107"
"Bewoonde woningen;""Oost-Groningen (CR)"";""2020"";61333;39783;21428;16419;5009;122"
"Bewoonde woningen;""Delfzijl en omgeving (CR)"";""2012"";20896;12815;8073;6718;1355;8"
"Bewoonde woningen;""Delfzijl en omgeving (CR)"";""2013"";20948;12821;8115;6714;1401;12"
"Bewoonde woningen;""Delfzijl en omgeving (CR)"";""2014"";21231;12806;8418;6840;1578;7"
"Bewoonde woningen;""Delfzijl en omgeving (CR)"";""2015"";21291;12795;8489;6844;1645;7"
"Bewoonde woningen;""Delfzijl en omgeving (CR)"";""2016"";21285;13018;8168;6790;1378;99"
"Bewoonde woningen;""Delfzijl en omgeving (CR)"";""2017"";21234;12964;8171;6733;1438;99"
"Bewoonde woningen;""Delfzijl en omgeving (CR)"";""2018"";21268;12991;8251;6752;1499;26"
"Bewoonde woningen;""Delfzijl en omgeving (CR)"";""2019"";21235;13028;8177;6702;1475;30"
"Bewoonde woningen;""Delfzijl en omgeving (CR)"";""2020"";21270;12971;8283;6701;1582;16"
"Bewoonde woningen;""Overig Groningen (CR)"";""2012"";165628;87818;76385;53266;23119;1425"
"Bewoonde woningen;""Overig Groningen (CR)"";""2013"";167824;88344;78576;54004;24572;904"
"Bewoonde woningen;""Overig Groningen (CR)"";""2014"";170706;88719;80982;54551;26431;1005"
"Bewoonde woningen;""Overig Groningen (CR)"";""2015"";172572;89100;82741;57001;25740;731"
"Bewoonde woningen;""Overig Groningen (CR)"";""2016"";174572;89753;83984;56733;27251;835"
"Bewoonde woningen;""Overig Groningen (CR)"";""2017"";176719;90589;85458;56607;28851;672"
"Bewoonde woningen;""Overig Groningen (CR)"";""2018"";182424;95663;85678;56407;29271;1083"
"Bewoonde woningen;""Overig Groningen (CR)"";""2019"";184372;97011;86954;56827;30127;407"
"Bewoonde woningen;""Overig Groningen (CR)"";""2020"";186571;97393;88352;56575;31777;826"
"Bewoonde woningen;""Noord-Friesland (CR)"";""2012"";140410;86762;53256;40630;12626;392"
"Bewoonde woningen;""Noord-Friesland (CR)"";""2013"";141942;87469;54128;40712;13416;345"
"Bewoonde woningen;""Noord-Friesland (CR)"";""2014"";140352;85481;53936;39587;14349;935"
"Bewoonde woningen;""Noord-Friesland (CR)"";""2015"";141416;85656;54705;40225;14480;1055"
"Bewoonde woningen;""Noord-Friesland (CR)"";""2016"";142223;85966;55166;39503;15663;1091"
"Bewoonde woningen;""Noord-Friesland (CR)"";""2017"";143093;86325;55692;39306;16386;1076"
"Bewoonde woningen;""Noord-Friesland (CR)"";""2018"";141972;85804;54949;39111;15838;1219"
"Bewoonde woningen;""Noord-Friesland (CR)"";""2019"";143041;87250;55322;39650;15672;469"
"Bewoonde woningen;""Noord-Friesland (CR)"";""2020"";144618;87549;56625;39437;17188;444"
"Bewoonde woningen;""Zuidwest-Friesland (CR)"";""2012"";43571;28080;15385;12792;2593;106"
"Bewoonde woningen;""Zuidwest-Friesland (CR)"";""2013"";44746;28979;15660;12810;2850;107"
"Bewoonde woningen;""Zuidwest-Friesland (CR)"";""2014"";56904;37092;19602;15793;3809;210"
"Bewoonde woningen;""Zuidwest-Friesland (CR)"";""2015"";57683;37386;19701;15880;3821;596"
"Bewoonde woningen;""Zuidwest-Friesland (CR)"";""2016"";57959;37581;19707;15702;4005;671"
"Bewoonde woningen;""Zuidwest-Friesland (CR)"";""2017"";58265;37883;19689;15579;4110;693"
"Bewoonde woningen;""Zuidwest-Friesland (CR)"";""2018"";60922;40416;19792;15955;3837;714"
"Bewoonde woningen;""Zuidwest-Friesland (CR)"";""2019"";61416;41112;20222;16340;3882;82"
"Bewoonde woningen;""Zuidwest-Friesland (CR)"";""2020"";61696;41424;20217;16196;4021;55"
"Bewoonde woningen;""Zuidoost-Friesland (CR)"";""2012"";86470;54740;31448;25837;5611;282"
"Bewoonde woningen;""Zuidoost-Friesland (CR)"";""2013"";86930;55124;31639;25767;5872;167"
"Bewoonde woningen;""Zuidoost-Friesland (CR)"";""2014"";79669;49636;29438;23699;5739;595"
"Bewoonde woningen;""Zuidoost-Friesland (CR)"";""2015"";80030;49878;29568;23801;5767;584"
"Bewoonde woningen;""Zuidoost-Friesland (CR)"";""2016"";80460;50065;29650;23554;6096;745"
"Bewoonde woningen;""Zuidoost-Friesland (CR)"";""2017"";80836;50386;29685;23457;6228;765"
"Bewoonde woningen;""Zuidoost-Friesland (CR)"";""2018"";81335;51155;29364;23325;6039;816"
"Bewoonde woningen;""Zuidoost-Friesland (CR)"";""2019"";81679;52185;29301;23348;5953;193"
"Bewoonde woningen;""Zuidoost-Friesland (CR)"";""2020"";82239;52441;29603;23380;6223;195"
"Bewoonde woningen;""Noord-Drenthe (CR)"";""2012"";78731;53256;25175;18655;6520;300"
"Bewoonde woningen;""Noord-Drenthe (CR)"";""2013"";78961;53522;25289;18597;6692;150"
"Bewoonde woningen;""Noord-Drenthe (CR)"";""2014"";79764;53745;25691;18524;7167;328"
"Bewoonde woningen;""Noord-Drenthe (CR)"";""2015"";80088;53931;25786;18574;7212;371"
"Bewoonde woningen;""Noord-Drenthe (CR)"";""2016"";80595;54267;25853;18808;7045;475"
"Bewoonde woningen;""Noord-Drenthe (CR)"";""2017"";81357;54577;26188;18851;7337;592"
"Bewoonde woningen;""Noord-Drenthe (CR)"";""2018"";81941;55527;25792;18624;7168;622"
"Bewoonde woningen;""Noord-Drenthe (CR)"";""2019"";82627;56824;25521;18837;6684;282"
"Bewoonde woningen;""Noord-Drenthe (CR)"";""2020"";83503;57274;25939;18905;7034;290"
"Bewoonde woningen;""Zuidoost-Drenthe (CR)"";""2012"";70884;46678;23780;19070;4710;426"
"Bewoonde woningen;""Zuidoost-Drenthe (CR)"";""2013"";70868;46751;23803;18893;4910;314"
"Bewoonde woningen;""Zuidoost-Drenthe (CR)"";""2014"";71653;46990;24188;18829;5359;475"
"Bewoonde woningen;""Zuidoost-Drenthe (CR)"";""2015"";71875;47005;24446;18962;5484;424"
"Bewoonde woningen;""Zuidoost-Drenthe (CR)"";""2016"";72106;47390;24287;18780;5507;429"
"Bewoonde woningen;""Zuidoost-Drenthe (CR)"";""2017"";72288;47370;24477;18868;5609;441"
"Bewoonde woningen;""Zuidoost-Drenthe (CR)"";""2018"";72761;47538;24755;18948;5807;468"
"Bewoonde woningen;""Zuidoost-Drenthe (CR)"";""2019"";72997;48334;24590;19301;5289;73"
"Bewoonde woningen;""Zuidoost-Drenthe (CR)"";""2020"";73398;48564;24755;19255;5500;79"
"Bewoonde woningen;""Zuidwest-Drenthe (CR)"";""2012"";52913;34574;18298;14553;3745;41"
"Bewoonde woningen;""Zuidwest-Drenthe (CR)"";""2013"";53567;35015;18471;14480;3991;81"
"Bewoonde woningen;""Zuidwest-Drenthe (CR)"";""2014"";54642;35388;18831;14542;4289;423"
"Bewoonde woningen;""Zuidwest-Drenthe (CR)"";""2015"";55084;35574;19105;14392;4713;405"
"Bewoonde woningen;""Zuidwest-Drenthe (CR)"";""2016"";55438;35833;19000;14639;4361;605"
"Bewoonde woningen;""Zuidwest-Drenthe (CR)"";""2017"";55951;36056;19240;14588;4652;655"
"Bewoonde woningen;""Zuidwest-Drenthe (CR)"";""2018"";56569;36734;19146;14786;4360;689"
"Bewoonde woningen;""Zuidwest-Drenthe (CR)"";""2019"";57100;37415;19602;15244;4358;83"
"Bewoonde woningen;""Zuidwest-Drenthe (CR)"";""2020"";57504;37680;19653;14921;4732;171"
"Bewoonde woningen;""Noord-Overijssel (CR)"";""2012"";140984;88358;52055;38224;13831;571"
"Bewoonde woningen;""Noord-Overijssel (CR)"";""2013"";142572;89329;52800;38385;14415;443"
"Bewoonde woningen;""Noord-Overijssel (CR)"";""2014"";143462;89909;53131;38371;14760;422"
"Bewoonde woningen;""Noord-Overijssel (CR)"";""2015"";144909;90610;53796;38892;14904;503"
"Bewoonde woningen;""Noord-Overijssel (CR)"";""2016"";146887;91337;54897;38966;15931;653"
"Bewoonde woningen;""Noord-Overijssel (CR)"";""2017"";148476;92317;55600;39062;16538;559"
"Bewoonde woningen;""Noord-Overijssel (CR)"";""2018"";150194;94478;55057;39418;15639;659"
"Bewoonde woningen;""Noord-Overijssel (CR)"";""2019"";152261;96958;54806;40052;14754;497"
"Bewoonde woningen;""Noord-Overijssel (CR)"";""2020"";154256;98050;55757;40316;15441;449"
"Bewoonde woningen;""Zuidwest-Overijssel (CR)"";""2012"";61704;37368;24186;18345;5841;150"
"Bewoonde woningen;""Zuidwest-Overijssel (CR)"";""2013"";61851;37610;24172;18126;6046;69"
"Bewoonde woningen;""Zuidwest-Overijssel (CR)"";""2014"";61862;37888;23919;17701;6218;55"
"Bewoonde woningen;""Zuidwest-Overijssel (CR)"";""2015"";62630;38138;24444;18077;6367;48"
"Bewoonde woningen;""Zuidwest-Overijssel (CR)"";""2016"";63504;38609;24849;18243;6606;46"
"Bewoonde woningen;""Zuidwest-Overijssel (CR)"";""2017"";65117;38794;26233;18690;7543;90"
"Bewoonde woningen;""Zuidwest-Overijssel (CR)"";""2018"";65726;39588;26063;18606;7457;75"
"Bewoonde woningen;""Zuidwest-Overijssel (CR)"";""2019"";66419;40506;25844;18614;7230;69"
"Bewoonde woningen;""Zuidwest-Overijssel (CR)"";""2020"";67289;40785;26293;18795;7498;211"
"Bewoonde woningen;""Twente (CR)"";""2012"";254499;153164;99433;77725;21708;1902"
"Bewoonde woningen;""Twente (CR)"";""2013"";256767;154405;101020;77795;23225;1342"
"Bewoonde woningen;""Twente (CR)"";""2014"";259114;154917;102485;77588;24897;1712"
"Bewoonde woningen;""Twente (CR)"";""2015"";260478;155923;102833;79647;23186;1722"
"Bewoonde woningen;""Twente (CR)"";""2016"";261904;156628;103121;77597;25524;2155"
"Bewoonde woningen;""Twente (CR)"";""2017"";263157;156665;104396;78401;25995;2096"
"Bewoonde woningen;""Twente (CR)"";""2018"";264192;160607;101653;77402;24251;1932"
"Bewoonde woningen;""Twente (CR)"";""2019"";266238;162207;103670;77543;26127;361"
"Bewoonde woningen;""Twente (CR)"";""2020"";268608;163264;104819;77453;27366;525"
"Bewoonde woningen;""Veluwe (CR)"";""2012"";251926;160498;89281;67627;21654;2147"
"Bewoonde woningen;""Veluwe (CR)"";""2013"";258466;162597;93558;68528;25030;2311"
"Bewoonde woningen;""Veluwe (CR)"";""2014"";262891;163919;96446;68402;28044;2526"
"Bewoonde woningen;""Veluwe (CR)"";""2015"";265989;165743;97790;70964;26826;2456"
"Bewoonde woningen;""Veluwe (CR)"";""2016"";269174;168226;98481;70630;27851;2467"
"Bewoonde woningen;""Veluwe (CR)"";""2017"";270157;169649;98611;69630;28981;1897"
"Bewoonde woningen;""Veluwe (CR)"";""2018"";273468;173490;97718;70655;27063;2260"
"Bewoonde woningen;""Veluwe (CR)"";""2019"";277100;176890;99608;72621;26987;602"
"Bewoonde woningen;""Veluwe (CR)"";""2020"";281318;179504;101285;73058;28227;529"
"Bewoonde woningen;""Achterhoek (CR)"";""2012"";162254;106547;54942;40039;14903;765"
"Bewoonde woningen;""Achterhoek (CR)"";""2013"";164781;107874;56222;40396;15826;685"
"Bewoonde woningen;""Achterhoek (CR)"";""2014"";166698;108692;57157;40277;16880;849"
"Bewoonde woningen;""Achterhoek (CR)"";""2015"";168073;109430;57798;40813;16985;845"
"Bewoonde woningen;""Achterhoek (CR)"";""2016"";169343;110259;58161;41195;16966;923"
"Bewoonde woningen;""Achterhoek (CR)"";""2017"";170381;110868;58556;41186;17370;957"
"Bewoonde woningen;""Achterhoek (CR)"";""2018"";171524;113086;57428;41158;16270;1010"
"Bewoonde woningen;""Achterhoek (CR)"";""2019"";172669;114617;57786;41859;15927;266"
"Bewoonde woningen;""Achterhoek (CR)"";""2020"";173626;115243;58179;41886;16293;204"
"Bewoonde woningen;""Arnhem/Nijmegen (CR)"";""2012"";299221;164546;132673;98132;34541;2002"
"Bewoonde woningen;""Arnhem/Nijmegen (CR)"";""2013"";304178;166284;135364;99046;36318;2530"
"Bewoonde woningen;""Arnhem/Nijmegen (CR)"";""2014"";307801;166924;137792;99212;38580;3085"
"Bewoonde woningen;""Arnhem/Nijmegen (CR)"";""2015"";311608;167945;141906;102631;39275;1757"
"Bewoonde woningen;""Arnhem/Nijmegen (CR)"";""2016"";314646;169832;142996;103088;39908;1818"
"Bewoonde woningen;""Arnhem/Nijmegen (CR)"";""2017"";315983;170811;143237;101341;41896;1935"
"Bewoonde woningen;""Arnhem/Nijmegen (CR)"";""2018"";319946;175423;142466;101940;40526;2057"
"Bewoonde woningen;""Arnhem/Nijmegen (CR)"";""2019"";323782;179374;143017;102522;40495;1391"
"Bewoonde woningen;""Arnhem/Nijmegen (CR)"";""2020"";327212;180802;144528;102757;41771;1882"
"Bewoonde woningen;""Zuidwest-Gelderland (CR)"";""2012"";88857;58254;30281;24352;5929;322"
"Bewoonde woningen;""Zuidwest-Gelderland (CR)"";""2013"";89949;59031;30542;24754;5788;376"
"Bewoonde woningen;""Zuidwest-Gelderland (CR)"";""2014"";91176;59700;31020;24770;6250;456"
"Bewoonde woningen;""Zuidwest-Gelderland (CR)"";""2015"";91925;60338;31142;24823;6319;445"
"Bewoonde woningen;""Zuidwest-Gelderland (CR)"";""2016"";93041;61569;30958;24893;6065;514"
"Bewoonde woningen;""Zuidwest-Gelderland (CR)"";""2017"";94037;61862;31673;24907;6766;502"
"Bewoonde woningen;""Zuidwest-Gelderland (CR)"";""2018"";95144;62881;31806;25009;6797;457"
"Bewoonde woningen;""Zuidwest-Gelderland (CR)"";""2019"";96272;64890;31084;25011;6073;298"
"Bewoonde woningen;""Zuidwest-Gelderland (CR)"";""2020"";97595;65890;31382;24933;6449;323"
"Bewoonde woningen;""Utrecht (CR)"";""2012"";501543;293295;203033;148846;54187;5215"
"Bewoonde woningen;""Utrecht (CR)"";""2013"";508502;297551;208295;149581;58714;2656"
"Bewoonde woningen;""Utrecht (CR)"";""2014"";514964;299467;212207;148548;63659;3290"
"Bewoonde woningen;""Utrecht (CR)"";""2015"";520785;302136;214652;151432;63220;3997"
"Bewoonde woningen;""Utrecht (CR)"";""2016"";525923;305558;216659;150260;66399;3706"
"Bewoonde woningen;""Utrecht (CR)"";""2017"";531228;309341;217972;149483;68489;3915"
"Bewoonde woningen;""Utrecht (CR)"";""2018"";535827;312367;219923;150081;69842;3537"
"Bewoonde woningen;""Utrecht (CR)"";""2019"";556706;330640;224937;156267;68670;1129"
"Bewoonde woningen;""Utrecht (CR)"";""2020"";564280;333537;229131;156535;72596;1612"
"Bewoonde woningen;""Kop van Noord-Holland (CR)"";""2012"";153310;99876;53146;42472;10674;288"
"Bewoonde woningen;""Kop van Noord-Holland (CR)"";""2013"";154245;100488;53511;42226;11285;246"
"Bewoonde woningen;""Kop van Noord-Holland (CR)"";""2014"";156443;101075;54580;41896;12684;788"
"Bewoonde woningen;""Kop van Noord-Holland (CR)"";""2015"";157786;101901;54903;41931;12972;982"
"Bewoonde woningen;""Kop van Noord-Holland (CR)"";""2016"";158708;102709;55129;41662;13467;870"
"Bewoonde woningen;""Kop van Noord-Holland (CR)"";""2017"";159754;103439;55465;41731;13734;850"
"Bewoonde woningen;""Kop van Noord-Holland (CR)"";""2018"";160670;105043;54714;39538;15176;913"
"Bewoonde woningen;""Kop van Noord-Holland (CR)"";""2019"";161675;107166;54064;41934;12130;445"
"Bewoonde woningen;""Kop van Noord-Holland (CR)"";""2020"";162769;107817;54508;41737;12771;444"
"Bewoonde woningen;""Alkmaar en omgeving (CR)"";""2012"";97661;63941;33587;25092;8495;133"
"Bewoonde woningen;""Alkmaar en omgeving (CR)"";""2013"";98173;64359;33708;24451;9257;106"
"Bewoonde woningen;""Alkmaar en omgeving (CR)"";""2014"";100169;64823;34650;25568;9082;696"
"Bewoonde woningen;""Alkmaar en omgeving (CR)"";""2015"";103613;66995;35881;26094;9787;737"
"Bewoonde woningen;""Alkmaar en omgeving (CR)"";""2016"";104499;67387;36373;26180;10193;739"
"Bewoonde woningen;""Alkmaar en omgeving (CR)"";""2017"";105473;67723;36965;26168;10797;785"
"Bewoonde woningen;""Alkmaar en omgeving (CR)"";""2018"";106595;69401;36427;26313;10114;767"
"Bewoonde woningen;""Alkmaar en omgeving (CR)"";""2019"";107495;70789;36633;26685;9948;73"
"Bewoonde woningen;""Alkmaar en omgeving (CR)"";""2020"";108579;71153;37343;26855;10488;83"
"Bewoonde woningen;""IJmond (CR)"";""2012"";81651;48959;32532;26673;5859;160"
"Bewoonde woningen;""IJmond (CR)"";""2013"";82265;49256;32908;26653;6255;101"
"Bewoonde woningen;""IJmond (CR)"";""2014"";83258;49561;33517;26681;6836;180"
"Bewoonde woningen;""IJmond (CR)"";""2015"";83808;49884;33747;26770;6977;177"
"Bewoonde woningen;""IJmond (CR)"";""2016"";84398;50311;33893;26607;7286;194"
"Bewoonde woningen;""IJmond (CR)"";""2017"";85383;50922;34180;26604;7576;281"
"Bewoonde woningen;""IJmond (CR)"";""2018"";85761;52364;33194;26484;6710;203"
"Bewoonde woningen;""IJmond (CR)"";""2019"";86210;53102;32874;27137;5737;234"
"Bewoonde woningen;""IJmond (CR)"";""2020"";86883;53587;33098;27038;6060;198"
"Bewoonde woningen;""Agglomeratie Haarlem (CR)"";""2012"";97773;55060;41786;30049;11737;927"
"Bewoonde woningen;""Agglomeratie Haarlem (CR)"";""2013"";98776;55514;42700;30219;12481;562"
"Bewoonde woningen;""Agglomeratie Haarlem (CR)"";""2014"";100106;56079;43555;30030;13525;472"
"Bewoonde woningen;""Agglomeratie Haarlem (CR)"";""2015"";101161;56750;44077;30079;13998;334"
"Bewoonde woningen;""Agglomeratie Haarlem (CR)"";""2016"";102027;57463;44187;29917;14270;377"
"Bewoonde woningen;""Agglomeratie Haarlem (CR)"";""2017"";102698;57997;44181;29662;14519;520"
"Bewoonde woningen;""Agglomeratie Haarlem (CR)"";""2018"";103458;59094;43810;29506;14304;554"
"Bewoonde woningen;""Agglomeratie Haarlem (CR)"";""2019"";102069;58324;43352;29555;13797;393"
"Bewoonde woningen;""Agglomeratie Haarlem (CR)"";""2020"";103051;58542;44129;29530;14599;380"
"Bewoonde woningen;""Zaanstreek (CR)"";""2012"";68687;36676;31982;27692;4290;29"
"Bewoonde woningen;""Zaanstreek (CR)"";""2013"";69693;37284;32380;27792;4588;29"
"Bewoonde woningen;""Zaanstreek (CR)"";""2014"";70586;37844;32630;27541;5089;112"
"Bewoonde woningen;""Zaanstreek (CR)"";""2015"";70952;38256;32664;27404;5260;32"
"Bewoonde woningen;""Zaanstreek (CR)"";""2016"";71561;38771;32635;27292;5343;155"
"Bewoonde woningen;""Zaanstreek (CR)"";""2017"";72288;39236;32892;27238;5654;160"
"Bewoonde woningen;""Zaanstreek (CR)"";""2018"";72820;40401;32227;27139;5088;192"
"Bewoonde woningen;""Zaanstreek (CR)"";""2019"";73241;40989;32159;27265;4894;93"
"Bewoonde woningen;""Zaanstreek (CR)"";""2020"";73584;41202;32285;27076;5209;97"
"Bewoonde woningen;""Groot-Amsterdam (CR)"";""2012"";580903;227504;347200;234797;112403;6199"
"Bewoonde woningen;""Groot-Amsterdam (CR)"";""2013"";585912;231731;349386;233509;115877;4795"
"Bewoonde woningen;""Groot-Amsterdam (CR)"";""2014"";593114;235102;353486;233525;119961;4526"
"Bewoonde woningen;""Groot-Amsterdam (CR)"";""2015"";597606;237620;358248;239709;118539;1738"
"Bewoonde woningen;""Groot-Amsterdam (CR)"";""2016"";606221;242605;360449;235629;124820;3167"
"Bewoonde woningen;""Groot-Amsterdam (CR)"";""2017"";608849;244768;362082;233150;128932;1999"
"Bewoonde woningen;""Groot-Amsterdam (CR)"";""2018"";614214;249100;363186;233768;129418;1928"
"Bewoonde woningen;""Groot-Amsterdam (CR)"";""2019"";625446;255492;368884;231385;137499;1070"
"Bewoonde woningen;""Groot-Amsterdam (CR)"";""2020"";635024;256418;376591;230223;146368;2015"
"Bewoonde woningen;""Het Gooi en Vechtstreek (CR)"";""2012"";103940;62076;41735;30815;10920;129"
"Bewoonde woningen;""Het Gooi en Vechtstreek (CR)"";""2013"";105132;62648;42362;31067;11295;122"
"Bewoonde woningen;""Het Gooi en Vechtstreek (CR)"";""2014"";106917;62924;42940;30660;12280;1053"
"Bewoonde woningen;""Het Gooi en Vechtstreek (CR)"";""2015"";107918;63524;43336;30742;12594;1058"
"Bewoonde woningen;""Het Gooi en Vechtstreek (CR)"";""2016"";108810;64164;43622;30756;12866;1024"
"Bewoonde woningen;""Het Gooi en Vechtstreek (CR)"";""2017"";110045;64991;44038;30564;13474;1016"
"Bewoonde woningen;""Het Gooi en Vechtstreek (CR)"";""2018"";111172;66191;43942;30508;13434;1039"
"Bewoonde woningen;""Het Gooi en Vechtstreek (CR)"";""2019"";111965;67738;43961;30853;13108;266"
"Bewoonde woningen;""Het Gooi en Vechtstreek (CR)"";""2020"";112922;68077;44618;31169;13449;227"
"Bewoonde woningen;""Agglomeratie Leiden en Bollenstreek (CR)"";""2012"";166453;98742;66907;48318;18589;804"
"Bewoonde woningen;""Agglomeratie Leiden en Bollenstreek (CR)"";""2013"";168807;99590;68614;49282;19332;603"
"Bewoonde woningen;""Agglomeratie Leiden en Bollenstreek (CR)"";""2014"";171405;100427;69922;49341;20581;1056"
"Bewoonde woningen;""Agglomeratie Leiden en Bollenstreek (CR)"";""2015"";172911;102246;69875;49898;19977;790"
"Bewoonde woningen;""Agglomeratie Leiden en Bollenstreek (CR)"";""2016"";175520;103524;70927;49775;21152;1069"
"Bewoonde woningen;""Agglomeratie Leiden en Bollenstreek (CR)"";""2017"";178278;104936;72184;50020;22164;1158"
"Bewoonde woningen;""Agglomeratie Leiden en Bollenstreek (CR)"";""2018"";180686;106074;73430;50030;23400;1182"
"Bewoonde woningen;""Agglomeratie Leiden en Bollenstreek (CR)"";""2019"";182457;108164;73601;50330;23271;692"
"Bewoonde woningen;""Agglomeratie Leiden en Bollenstreek (CR)"";""2020"";184595;109080;74948;50327;24621;567"
"Bewoonde woningen;""Agglomeratie 's-Gravenhage (CR)"";""2012"";357148;175361;180157;122112;58045;1630"
"Bewoonde woningen;""Agglomeratie 's-Gravenhage (CR)"";""2013"";361364;176485;182850;122521;60329;2029"
"Bewoonde woningen;""Agglomeratie 's-Gravenhage (CR)"";""2014"";366610;177512;186545;122658;63887;2553"
"Bewoonde woningen;""Agglomeratie 's-Gravenhage (CR)"";""2015"";369918;178870;188938;123331;65607;2110"
"Bewoonde woningen;""Agglomeratie 's-Gravenhage (CR)"";""2016"";374207;180472;190977;122177;68800;2758"
"Bewoonde woningen;""Agglomeratie 's-Gravenhage (CR)"";""2017"";378116;182692;193352;121607;71745;2072"
"Bewoonde woningen;""Agglomeratie 's-Gravenhage (CR)"";""2018"";382944;183725;196315;121911;74404;2904"
"Bewoonde woningen;""Agglomeratie 's-Gravenhage (CR)"";""2019"";386307;187525;196930;123017;73913;1852"
"Bewoonde woningen;""Agglomeratie 's-Gravenhage (CR)"";""2020"";390570;188558;199865;123596;76269;2147"
"Bewoonde woningen;""Delft en Westland (CR)"";""2012"";91268;48019;43037;34358;8679;212"
"Bewoonde woningen;""Delft en Westland (CR)"";""2013"";92176;48687;43363;34276;9087;126"
"Bewoonde woningen;""Delft en Westland (CR)"";""2014"";93144;49176;43826;34397;9429;142"
"Bewoonde woningen;""Delft en Westland (CR)"";""2015"";94723;50025;44569;35718;8851;129"
"Bewoonde woningen;""Delft en Westland (CR)"";""2016"";95666;50859;44615;35774;8841;192"
"Bewoonde woningen;""Delft en Westland (CR)"";""2017"";96521;51212;45186;35632;9554;123"
"Bewoonde woningen;""Delft en Westland (CR)"";""2018"";97394;51818;45398;34333;11065;178"
"Bewoonde woningen;""Delft en Westland (CR)"";""2019"";98922;53679;44928;34390;10538;315"
"Bewoonde woningen;""Delft en Westland (CR)"";""2020"";99959;54282;45322;34311;11011;355"
"Bewoonde woningen;""Oost-Zuid-Holland (CR)"";""2012"";117357;73472;43603;33360;10243;282"
"Bewoonde woningen;""Oost-Zuid-Holland (CR)"";""2013"";118646;74272;44166;33616;10550;208"
"Bewoonde woningen;""Oost-Zuid-Holland (CR)"";""2014"";120092;75022;44782;34049;10733;288"
"Bewoonde woningen;""Oost-Zuid-Holland (CR)"";""2015"";130566;81866;48391;37002;11389;309"
"Bewoonde woningen;""Oost-Zuid-Holland (CR)"";""2016"";131903;82876;48647;36968;11679;380"
"Bewoonde woningen;""Oost-Zuid-Holland (CR)"";""2017"";133627;84044;49132;36993;12139;451"
"Bewoonde woningen;""Oost-Zuid-Holland (CR)"";""2018"";135746;85808;49534;37093;12441;404"
"Bewoonde woningen;""Oost-Zuid-Holland (CR)"";""2019"";137804;88128;49559;36992;12567;117"
"Bewoonde woningen;""Oost-Zuid-Holland (CR)"";""2020"";139241;89022;50091;37148;12943;128"
"Bewoonde woningen;""Groot-Rijnmond (CR)"";""2012"";613637;295249;316111;247892;68219;2277"
"Bewoonde woningen;""Groot-Rijnmond (CR)"";""2013"";619526;298627;319072;246672;72400;1827"
"Bewoonde woningen;""Groot-Rijnmond (CR)"";""2014"";624046;301024;320716;245832;74884;2306"
"Bewoonde woningen;""Groot-Rijnmond (CR)"";""2015"";620898;297404;321275;246946;74329;2219"
"Bewoonde woningen;""Groot-Rijnmond (CR)"";""2016"";625322;300047;322580;243186;79394;2695"
"Bewoonde woningen;""Groot-Rijnmond (CR)"";""2017"";627795;301973;323490;243183;80307;2332"
"Bewoonde woningen;""Groot-Rijnmond (CR)"";""2018"";631986;305577;323535;242884;80651;2874"
"Bewoonde woningen;""Groot-Rijnmond (CR)"";""2019"";634895;314147;319187;243278;75909;1561"
"Bewoonde woningen;""Groot-Rijnmond (CR)"";""2020"";640993;316598;322674;243301;79373;1721"
"Bewoonde woningen;""Zuidoost-Zuid-Holland (CR)"";""2012"";162542;94475;67704;55565;12139;363"
"Bewoonde woningen;""Zuidoost-Zuid-Holland (CR)"";""2013"";163815;95385;68163;55510;12653;267"
"Bewoonde woningen;""Zuidoost-Zuid-Holland (CR)"";""2014"";165255;96440;68437;55213;13224;378"
"Bewoonde woningen;""Zuidoost-Zuid-Holland (CR)"";""2015"";166087;97263;68461;55256;13205;363"
"Bewoonde woningen;""Zuidoost-Zuid-Holland (CR)"";""2016"";166985;98194;68292;54533;13759;499"
"Bewoonde woningen;""Zuidoost-Zuid-Holland (CR)"";""2017"";167789;99095;68221;54124;14097;473"
"Bewoonde woningen;""Zuidoost-Zuid-Holland (CR)"";""2018"";168803;101252;66994;53810;13184;557"
"Bewoonde woningen;""Zuidoost-Zuid-Holland (CR)"";""2019"";155819;94514;61007;49187;11820;298"
"Bewoonde woningen;""Zuidoost-Zuid-Holland (CR)"";""2020"";157029;95384;61403;48848;12555;242"
"Bewoonde woningen;""Zeeuwsch-Vlaanderen (CR)"";""2012"";46768;33067;13664;9829;3835;37"
"Bewoonde woningen;""Zeeuwsch-Vlaanderen (CR)"";""2013"";47320;33493;13817;9873;3944;10"
"Bewoonde woningen;""Zeeuwsch-Vlaanderen (CR)"";""2014"";47616;33162;14296;9858;4438;158"
"Bewoonde woningen;""Zeeuwsch-Vlaanderen (CR)"";""2015"";47905;33548;14113;9865;4248;244"
"Bewoonde woningen;""Zeeuwsch-Vlaanderen (CR)"";""2016"";48261;33692;14118;9856;4262;451"
"Bewoonde woningen;""Zeeuwsch-Vlaanderen (CR)"";""2017"";48414;33622;14336;9856;4480;456"
"Bewoonde woningen;""Zeeuwsch-Vlaanderen (CR)"";""2018"";48514;34317;13753;9738;4015;444"
"Bewoonde woningen;""Zeeuwsch-Vlaanderen (CR)"";""2019"";48688;34641;13397;9592;3805;650"
"Bewoonde woningen;""Zeeuwsch-Vlaanderen (CR)"";""2020"";48693;34631;13320;9465;3855;742"
"Bewoonde woningen;""Overig Zeeland (CR)"";""2012"";115978;75410;40302;31360;8942;266"
"Bewoonde woningen;""Overig Zeeland (CR)"";""2013"";117039;76062;40787;31466;9321;190"
"Bewoonde woningen;""Overig Zeeland (CR)"";""2014"";118449;76276;41485;31541;9944;688"
"Bewoonde woningen;""Overig Zeeland (CR)"";""2015"";119162;76819;41585;31645;9940;758"
"Bewoonde woningen;""Overig Zeeland (CR)"";""2016"";119678;77303;41620;31624;9996;755"
"Bewoonde woningen;""Overig Zeeland (CR)"";""2017"";120386;77583;41937;31493;10444;866"
"Bewoonde woningen;""Overig Zeeland (CR)"";""2018"";121260;79042;41359;31429;9930;859"
"Bewoonde woningen;""Overig Zeeland (CR)"";""2019"";122117;80767;40941;31150;9791;409"
"Bewoonde woningen;""Overig Zeeland (CR)"";""2020"";122778;81404;40887;30834;10053;487"
"Bewoonde woningen;""West-Noord-Brabant (CR)"";""2012"";255555;159005;96076;75035;21041;474"
"Bewoonde woningen;""West-Noord-Brabant (CR)"";""2013"";258867;160837;97706;76134;21572;324"
"Bewoonde woningen;""West-Noord-Brabant (CR)"";""2014"";262440;161709;100131;77461;22670;600"
"Bewoonde woningen;""West-Noord-Brabant (CR)"";""2015"";264749;162508;101733;78138;23595;508"
"Bewoonde woningen;""West-Noord-Brabant (CR)"";""2016"";266482;163706;102033;77811;24222;743"
"Bewoonde woningen;""West-Noord-Brabant (CR)"";""2017"";268671;164558;103352;77594;25758;761"
"Bewoonde woningen;""West-Noord-Brabant (CR)"";""2018"";271577;166012;104692;77939;26753;873"
"Bewoonde woningen;""West-Noord-Brabant (CR)"";""2019"";273665;170580;102437;78433;24004;648"
"Bewoonde woningen;""West-Noord-Brabant (CR)"";""2020"";275576;171587;103381;78230;25151;608"
"Bewoonde woningen;""Midden-Noord-Brabant (CR)"";""2012"";187080;113523;72962;56162;16800;595"
"Bewoonde woningen;""Midden-Noord-Brabant (CR)"";""2013"";189425;114961;74234;56446;17788;230"
"Bewoonde woningen;""Midden-Noord-Brabant (CR)"";""2014"";192572;115717;76535;57685;18850;320"
"Bewoonde woningen;""Midden-Noord-Brabant (CR)"";""2015"";194596;116489;77747;58197;19550;360"
"Bewoonde woningen;""Midden-Noord-Brabant (CR)"";""2016"";196517;117549;78417;57655;20762;551"
"Bewoonde woningen;""Midden-Noord-Brabant (CR)"";""2017"";198354;118279;79431;57775;21656;644"
"Bewoonde woningen;""Midden-Noord-Brabant (CR)"";""2018"";201057;120670;79655;58176;21479;732"
"Bewoonde woningen;""Midden-Noord-Brabant (CR)"";""2019"";203879;122669;80803;58622;22181;407"
"Bewoonde woningen;""Midden-Noord-Brabant (CR)"";""2020"";206392;123579;82060;58714;23346;753"
"Bewoonde woningen;""Noordoost-Noord-Brabant (CR)"";""2012"";255466;164650;90086;71100;18986;730"
"Bewoonde woningen;""Noordoost-Noord-Brabant (CR)"";""2013"";258982;166680;91793;72279;19514;509"
"Bewoonde woningen;""Noordoost-Noord-Brabant (CR)"";""2014"";262904;167779;93672;72012;21660;1453"
"Bewoonde woningen;""Noordoost-Noord-Brabant (CR)"";""2015"";265721;169139;94933;72514;22419;1649"
"Bewoonde woningen;""Noordoost-Noord-Brabant (CR)"";""2016"";268240;170967;95642;72742;22900;1631"
"Bewoonde woningen;""Noordoost-Noord-Brabant (CR)"";""2017"";270506;172304;96455;72556;23899;1747"
"Bewoonde woningen;""Noordoost-Noord-Brabant (CR)"";""2018"";274033;175680;96219;73242;22977;2134"
"Bewoonde woningen;""Noordoost-Noord-Brabant (CR)"";""2019"";277230;177906;98965;74271;24694;359"
"Bewoonde woningen;""Noordoost-Noord-Brabant (CR)"";""2020"";281033;179903;100728;74555;26173;402"
"Bewoonde woningen;""Zuidoost-Noord-Brabant (CR)"";""2012"";306884;189013;116745;91184;25561;1126"
"Bewoonde woningen;""Zuidoost-Noord-Brabant (CR)"";""2013"";310806;190854;119213;92064;27149;739"
"Bewoonde woningen;""Zuidoost-Noord-Brabant (CR)"";""2014"";315219;192037;122126;92931;29195;1056"
"Bewoonde woningen;""Zuidoost-Noord-Brabant (CR)"";""2015"";318838;193615;124200;93708;30492;1023"
"Bewoonde woningen;""Zuidoost-Noord-Brabant (CR)"";""2016"";322067;195241;125439;93237;32202;1387"
"Bewoonde woningen;""Zuidoost-Noord-Brabant (CR)"";""2017"";325242;196593;126767;93185;33582;1882"
"Bewoonde woningen;""Zuidoost-Noord-Brabant (CR)"";""2018"";329112;200817;126771;92759;34012;1524"
"Bewoonde woningen;""Zuidoost-Noord-Brabant (CR)"";""2019"";333373;203701;129250;95013;34237;422"
"Bewoonde woningen;""Zuidoost-Noord-Brabant (CR)"";""2020"";337329;205197;131656;95465;36191;476"
"Bewoonde woningen;""Noord-Limburg (CR)"";""2012"";113921;75762;37974;29056;8918;185"
"Bewoonde woningen;""Noord-Limburg (CR)"";""2013"";114898;75997;38793;29321;9472;108"
"Bewoonde woningen;""Noord-Limburg (CR)"";""2014"";116216;76800;39026;29504;9522;390"
"Bewoonde woningen;""Noord-Limburg (CR)"";""2015"";117123;76964;39856;29763;10093;303"
"Bewoonde woningen;""Noord-Limburg (CR)"";""2016"";117831;77363;40168;29757;10411;300"
"Bewoonde woningen;""Noord-Limburg (CR)"";""2017"";118758;77729;40688;29786;10902;341"
"Bewoonde woningen;""Noord-Limburg (CR)"";""2018"";119597;79013;40209;29299;10910;375"
"Bewoonde woningen;""Noord-Limburg (CR)"";""2019"";120265;80182;39875;29630;10245;208"
"Bewoonde woningen;""Noord-Limburg (CR)"";""2020"";121102;80640;40235;29723;10512;227"
"Bewoonde woningen;""Midden-Limburg (CR)"";""2012"";98257;67201;30846;22376;8470;210"
"Bewoonde woningen;""Midden-Limburg (CR)"";""2013"";99219;67698;31338;22496;8842;183"
"Bewoonde woningen;""Midden-Limburg (CR)"";""2014"";100469;68647;31504;22723;8781;318"
"Bewoonde woningen;""Midden-Limburg (CR)"";""2015"";101114;68471;32309;22867;9442;334"
"Bewoonde woningen;""Midden-Limburg (CR)"";""2016"";101989;68486;32848;22865;9983;655"
"Bewoonde woningen;""Midden-Limburg (CR)"";""2017"";102694;68808;33176;22965;10211;710"
"Bewoonde woningen;""Midden-Limburg (CR)"";""2018"";103213;69923;32572;22492;10080;718"
"Bewoonde woningen;""Midden-Limburg (CR)"";""2019"";103706;70847;32691;22975;9716;168"
"Bewoonde woningen;""Midden-Limburg (CR)"";""2020"";104504;71297;32977;22794;10183;230"
"Bewoonde woningen;""Zuid-Limburg (CR)"";""2012"";266420;152799;112746;81301;31445;875"
"Bewoonde woningen;""Zuid-Limburg (CR)"";""2013"";269332;153239;115415;81597;33818;678"
"Bewoonde woningen;""Zuid-Limburg (CR)"";""2014"";272630;154128;116821;82244;34577;1681"
"Bewoonde woningen;""Zuid-Limburg (CR)"";""2015"";275378;153734;119809;83470;36339;1835"
"Bewoonde woningen;""Zuid-Limburg (CR)"";""2016"";276444;154016;120522;83152;37370;1906"
"Bewoonde woningen;""Zuid-Limburg (CR)"";""2017"";277782;154472;121238;82793;38445;2072"
"Bewoonde woningen;""Zuid-Limburg (CR)"";""2018"";279511;157705;119509;82195;37314;2297"
"Bewoonde woningen;""Zuid-Limburg (CR)"";""2019"";280747;159651;119866;82588;37278;1230"
"Bewoonde woningen;""Zuid-Limburg (CR)"";""2020"";281826;160007;120545;82396;38149;1274"
"Bewoonde woningen;""Flevoland (CR)"";""2012"";151636;98817;52413;42043;10370;406"
"Bewoonde woningen;""Flevoland (CR)"";""2013"";153058;99930;52837;41759;11078;291"
"Bewoonde woningen;""Flevoland (CR)"";""2014"";155257;100792;53876;42069;11807;589"
"Bewoonde woningen;""Flevoland (CR)"";""2015"";156665;101662;54435;42215;12220;568"
"Bewoonde woningen;""Flevoland (CR)"";""2016"";158004;102688;54816;42472;12344;500"
"Bewoonde woningen;""Flevoland (CR)"";""2017"";159477;103423;55627;42457;13170;427"
"Bewoonde woningen;""Flevoland (CR)"";""2018"";161787;104558;56705;42468;14237;524"
"Bewoonde woningen;""Flevoland (CR)"";""2019"";164338;108614;55494;43543;11951;230"
"Bewoonde woningen;""Flevoland (CR)"";""2020"";166839;109965;56643;43933;12710;231"
"Niet bewoonde woningen;""Oost-Groningen (CR)"";""2012"";3751;1585;1833;848;985;333"
"Niet bewoonde woningen;""Oost-Groningen (CR)"";""2013"";3428;1538;1640;801;839;250"
"Niet bewoonde woningen;""Oost-Groningen (CR)"";""2014"";3526;1489;1624;787;837;413"
"Niet bewoonde woningen;""Oost-Groningen (CR)"";""2015"";3637;1470;1649;820;829;518"
"Niet bewoonde woningen;""Oost-Groningen (CR)"";""2016"";3642;1448;1614;754;860;580"
"Niet bewoonde woningen;""Oost-Groningen (CR)"";""2017"";3605;1268;1610;702;908;727"
"Niet bewoonde woningen;""Oost-Groningen (CR)"";""2018"";3223;1051;1513;624;889;659"
"Niet bewoonde woningen;""Oost-Groningen (CR)"";""2019"";3138;1215;1470;787;683;453"
"Niet bewoonde woningen;""Oost-Groningen (CR)"";""2020"";3098;1154;1477;794;683;467"
"Niet bewoonde woningen;""Delfzijl en omgeving (CR)"";""2012"";1296;494;729;350;379;73"
"Niet bewoonde woningen;""Delfzijl en omgeving (CR)"";""2013"";1372;516;790;448;342;66"
"Niet bewoonde woningen;""Delfzijl en omgeving (CR)"";""2014"";1459;499;935;580;355;25"
"Niet bewoonde woningen;""Delfzijl en omgeving (CR)"";""2015"";1448;475;943;598;345;30"
"Niet bewoonde woningen;""Delfzijl en omgeving (CR)"";""2016"";1517;480;934;594;340;103"
"Niet bewoonde woningen;""Delfzijl en omgeving (CR)"";""2017"";1529;478;948;592;356;103"
"Niet bewoonde woningen;""Delfzijl en omgeving (CR)"";""2018"";1585;446;1032;586;446;107"
"Niet bewoonde woningen;""Delfzijl en omgeving (CR)"";""2019"";1677;439;1227;673;554;11"
"Niet bewoonde woningen;""Delfzijl en omgeving (CR)"";""2020"";1682;444;1230;673;557;8"
"Niet bewoonde woningen;""Overig Groningen (CR)"";""2012"";9339;3314;4642;2012;2630;1383"
"Niet bewoonde woningen;""Overig Groningen (CR)"";""2013"";9117;3115;4862;2113;2749;1140"
"Niet bewoonde woningen;""Overig Groningen (CR)"";""2014"";8808;3044;4877;1967;2910;887"
"Niet bewoonde woningen;""Overig Groningen (CR)"";""2015"";8231;2888;4851;2389;2462;492"
"Niet bewoonde woningen;""Overig Groningen (CR)"";""2016"";7919;2754;4681;2234;2447;484"
"Niet bewoonde woningen;""Overig Groningen (CR)"";""2017"";7676;2585;4590;2031;2559;501"
"Niet bewoonde woningen;""Overig Groningen (CR)"";""2018"";7682;2555;4610;2025;2585;517"
"Niet bewoonde woningen;""Overig Groningen (CR)"";""2019"";8111;2831;5064;2180;2884;216"
"Niet bewoonde woningen;""Overig Groningen (CR)"";""2020"";8093;2839;5002;2019;2983;252"
"Niet bewoonde woningen;""Noord-Friesland (CR)"";""2012"";8138;3699;3625;1444;2181;814"
"Niet bewoonde woningen;""Noord-Friesland (CR)"";""2013"";7491;3360;3665;1467;2198;466"
"Niet bewoonde woningen;""Noord-Friesland (CR)"";""2014"";7427;3190;3698;1436;2262;539"
"Niet bewoonde woningen;""Noord-Friesland (CR)"";""2015"";7420;3113;3718;1221;2497;589"
"Niet bewoonde woningen;""Noord-Friesland (CR)"";""2016"";7325;2971;3645;1129;2516;709"
"Niet bewoonde woningen;""Noord-Friesland (CR)"";""2017"";7075;2853;3519;1273;2246;703"
"Niet bewoonde woningen;""Noord-Friesland (CR)"";""2018"";7095;2705;3762;1371;2391;628"
"Niet bewoonde woningen;""Noord-Friesland (CR)"";""2019"";6956;3036;3824;1622;2202;96"
"Niet bewoonde woningen;""Noord-Friesland (CR)"";""2020"";7170;2969;4030;1698;2332;171"
"Niet bewoonde woningen;""Zuidwest-Friesland (CR)"";""2012"";4241;2607;1443;343;1100;191"
"Niet bewoonde woningen;""Zuidwest-Friesland (CR)"";""2013"";4034;2339;1516;459;1057;179"
"Niet bewoonde woningen;""Zuidwest-Friesland (CR)"";""2014"";4235;2398;1606;459;1147;231"
"Niet bewoonde woningen;""Zuidwest-Friesland (CR)"";""2015"";3980;2303;1396;386;1010;281"
"Niet bewoonde woningen;""Zuidwest-Friesland (CR)"";""2016"";3872;2208;1412;447;965;252"
"Niet bewoonde woningen;""Zuidwest-Friesland (CR)"";""2017"";3739;2114;1366;348;1018;259"
"Niet bewoonde woningen;""Zuidwest-Friesland (CR)"";""2018"";3760;2081;1423;354;1069;256"
"Niet bewoonde woningen;""Zuidwest-Friesland (CR)"";""2019"";3708;2215;1360;416;944;133"
"Niet bewoonde woningen;""Zuidwest-Friesland (CR)"";""2020"";3770;2142;1470;510;960;158"
"Niet bewoonde woningen;""Zuidoost-Friesland (CR)"";""2012"";4510;2068;2066;943;1123;376"
"Niet bewoonde woningen;""Zuidoost-Friesland (CR)"";""2013"";4237;2091;1942;902;1040;204"
"Niet bewoonde woningen;""Zuidoost-Friesland (CR)"";""2014"";3593;1473;1817;943;874;303"
"Niet bewoonde woningen;""Zuidoost-Friesland (CR)"";""2015"";3640;1438;1850;935;915;352"
"Niet bewoonde woningen;""Zuidoost-Friesland (CR)"";""2016"";3701;1441;1804;823;981;456"
"Niet bewoonde woningen;""Zuidoost-Friesland (CR)"";""2017"";3455;1359;1701;754;947;395"
"Niet bewoonde woningen;""Zuidoost-Friesland (CR)"";""2018"";3341;1263;1650;611;1039;428"
"Niet bewoonde woningen;""Zuidoost-Friesland (CR)"";""2019"";3438;1349;2022;657;1365;67"
"Niet bewoonde woningen;""Zuidoost-Friesland (CR)"";""2020"";3085;1366;1673;543;1130;46"
"Niet bewoonde woningen;""Noord-Drenthe (CR)"";""2012"";5700;2415;1821;587;1234;1464"
"Niet bewoonde woningen;""Noord-Drenthe (CR)"";""2013"";4615;2080;1891;751;1140;644"
"Niet bewoonde woningen;""Noord-Drenthe (CR)"";""2014"";4423;2022;2149;833;1316;252"
"Niet bewoonde woningen;""Noord-Drenthe (CR)"";""2015"";4259;2003;1850;796;1054;406"
"Niet bewoonde woningen;""Noord-Drenthe (CR)"";""2016"";3770;1885;1512;528;984;373"
"Niet bewoonde woningen;""Noord-Drenthe (CR)"";""2017"";3688;1760;1524;541;983;404"
"Niet bewoonde woningen;""Noord-Drenthe (CR)"";""2018"";3812;1651;1738;645;1093;423"
"Niet bewoonde woningen;""Noord-Drenthe (CR)"";""2019"";3632;1718;1819;639;1180;95"
"Niet bewoonde woningen;""Noord-Drenthe (CR)"";""2020"";3525;1573;1831;680;1151;121"
"Niet bewoonde woningen;""Zuidoost-Drenthe (CR)"";""2012"";8826;3117;4139;1774;2365;1570"
"Niet bewoonde woningen;""Zuidoost-Drenthe (CR)"";""2013"";4528;1777;2318;823;1495;433"
"Niet bewoonde woningen;""Zuidoost-Drenthe (CR)"";""2014"";4651;1695;2296;764;1532;660"
"Niet bewoonde woningen;""Zuidoost-Drenthe (CR)"";""2015"";4367;1676;2166;665;1501;525"
"Niet bewoonde woningen;""Zuidoost-Drenthe (CR)"";""2016"";4068;1625;2042;681;1361;401"
"Niet bewoonde woningen;""Zuidoost-Drenthe (CR)"";""2017"";3356;1417;1622;577;1045;317"
"Niet bewoonde woningen;""Zuidoost-Drenthe (CR)"";""2018"";3248;1327;1639;574;1065;282"
"Niet bewoonde woningen;""Zuidoost-Drenthe (CR)"";""2019"";3356;1463;1856;889;967;37"
"Niet bewoonde woningen;""Zuidoost-Drenthe (CR)"";""2020"";2839;1209;1602;918;684;28"
"Niet bewoonde woningen;""Zuidwest-Drenthe (CR)"";""2012"";2378;1252;971;426;545;155"
"Niet bewoonde woningen;""Zuidwest-Drenthe (CR)"";""2013"";2351;1214;981;428;553;156"
"Niet bewoonde woningen;""Zuidwest-Drenthe (CR)"";""2014"";2892;1171;1307;423;884;414"
"Niet bewoonde woningen;""Zuidwest-Drenthe (CR)"";""2015"";2710;1053;1336;529;807;321"
"Niet bewoonde woningen;""Zuidwest-Drenthe (CR)"";""2016"";2648;1054;1199;404;795;395"
"Niet bewoonde woningen;""Zuidwest-Drenthe (CR)"";""2017"";2600;1017;1238;425;813;345"
"Niet bewoonde woningen;""Zuidwest-Drenthe (CR)"";""2018"";2487;969;1238;424;814;280"
"Niet bewoonde woningen;""Zuidwest-Drenthe (CR)"";""2019"";2485;986;1447;748;699;52"
"Niet bewoonde woningen;""Zuidwest-Drenthe (CR)"";""2020"";2482;967;1447;615;832;68"
"Niet bewoonde woningen;""Noord-Overijssel (CR)"";""2012"";8710;4006;3787;1357;2430;917"
"Niet bewoonde woningen;""Noord-Overijssel (CR)"";""2013"";8169;3769;3646;1414;2232;754"
"Niet bewoonde woningen;""Noord-Overijssel (CR)"";""2014"";7029;3024;3252;1363;1889;753"
"Niet bewoonde woningen;""Noord-Overijssel (CR)"";""2015"";6588;3069;2926;1150;1776;593"
"Niet bewoonde woningen;""Noord-Overijssel (CR)"";""2016"";6264;2910;2858;1037;1821;496"
"Niet bewoonde woningen;""Noord-Overijssel (CR)"";""2017"";6120;2755;2875;1060;1815;490"
"Niet bewoonde woningen;""Noord-Overijssel (CR)"";""2018"";5981;2632;2926;1047;1879;423"
"Niet bewoonde woningen;""Noord-Overijssel (CR)"";""2019"";6061;2935;3004;1199;1805;122"
"Niet bewoonde woningen;""Noord-Overijssel (CR)"";""2020"";6018;2874;3012;1147;1865;132"
"Niet bewoonde woningen;""Zuidwest-Overijssel (CR)"";""2012"";2857;1279;1305;587;718;273"
"Niet bewoonde woningen;""Zuidwest-Overijssel (CR)"";""2013"";2837;1204;1428;642;786;205"
"Niet bewoonde woningen;""Zuidwest-Overijssel (CR)"";""2014"";3005;1196;1601;767;834;208"
"Niet bewoonde woningen;""Zuidwest-Overijssel (CR)"";""2015"";2761;1021;1212;471;741;528"
"Niet bewoonde woningen;""Zuidwest-Overijssel (CR)"";""2016"";2888;1066;1573;708;865;249"
"Niet bewoonde woningen;""Zuidwest-Overijssel (CR)"";""2017"";2424;929;1252;495;757;243"
"Niet bewoonde woningen;""Zuidwest-Overijssel (CR)"";""2018"";2183;846;1225;516;709;112"
"Niet bewoonde woningen;""Zuidwest-Overijssel (CR)"";""2019"";2322;938;1323;517;806;61"
"Niet bewoonde woningen;""Zuidwest-Overijssel (CR)"";""2020"";2325;911;1366;504;862;48"
"Niet bewoonde woningen;""Twente (CR)"";""2012"";13818;5314;7279;3490;3789;1225"
"Niet bewoonde woningen;""Twente (CR)"";""2013"";13195;5019;7201;3441;3760;975"
"Niet bewoonde woningen;""Twente (CR)"";""2014"";13105;4882;6461;2826;3635;1762"
"Niet bewoonde woningen;""Twente (CR)"";""2015"";12861;4896;6352;3238;3114;1613"
"Niet bewoonde woningen;""Twente (CR)"";""2016"";12310;4654;5996;2833;3163;1660"
"Niet bewoonde woningen;""Twente (CR)"";""2017"";12067;4405;5970;2783;3187;1692"
"Niet bewoonde woningen;""Twente (CR)"";""2018"";11675;4288;5886;2431;3455;1501"
"Niet bewoonde woningen;""Twente (CR)"";""2019"";12042;4899;6965;2731;4234;178"
"Niet bewoonde woningen;""Twente (CR)"";""2020"";11800;4960;6634;2600;4034;206"
"Niet bewoonde woningen;""Veluwe (CR)"";""2012"";17745;6421;6297;1942;4355;5027"
"Niet bewoonde woningen;""Veluwe (CR)"";""2013"";17135;5696;7648;2063;5585;3791"
"Niet bewoonde woningen;""Veluwe (CR)"";""2014"";16201;5532;7318;1541;5777;3351"
"Niet bewoonde woningen;""Veluwe (CR)"";""2015"";15929;5526;7111;1821;5290;3292"
"Niet bewoonde woningen;""Veluwe (CR)"";""2016"";16107;5428;7082;1761;5321;3597"
"Niet bewoonde woningen;""Veluwe (CR)"";""2017"";15136;5190;6538;1472;5066;3408"
"Niet bewoonde woningen;""Veluwe (CR)"";""2018"";12578;4810;5997;1510;4487;1771"
"Niet bewoonde woningen;""Veluwe (CR)"";""2019"";12286;5281;6636;2360;4276;369"
"Niet bewoonde woningen;""Veluwe (CR)"";""2020"";11826;5237;6437;2022;4415;152"
"Niet bewoonde woningen;""Achterhoek (CR)"";""2012"";8045;3899;3378;1459;1919;768"
"Niet bewoonde woningen;""Achterhoek (CR)"";""2013"";7775;3810;3314;1356;1958;651"
"Niet bewoonde woningen;""Achterhoek (CR)"";""2014"";7947;3683;3369;1349;2020;895"
"Niet bewoonde woningen;""Achterhoek (CR)"";""2015"";7503;3535;3146;1394;1752;822"
"Niet bewoonde woningen;""Achterhoek (CR)"";""2016"";6895;3310;2750;1001;1749;835"
"Niet bewoonde woningen;""Achterhoek (CR)"";""2017"";6616;3109;2793;1017;1776;714"
"Niet bewoonde woningen;""Achterhoek (CR)"";""2018"";6344;2947;2754;997;1757;643"
"Niet bewoonde woningen;""Achterhoek (CR)"";""2019"";6376;3174;3150;1295;1855;52"
"Niet bewoonde woningen;""Achterhoek (CR)"";""2020"";6280;3217;2993;1142;1851;70"
"Niet bewoonde woningen;""Arnhem/Nijmegen (CR)"";""2012"";12865;5084;6505;2722;3783;1276"
"Niet bewoonde woningen;""Arnhem/Nijmegen (CR)"";""2013"";13462;4984;7453;3232;4221;1025"
"Niet bewoonde woningen;""Arnhem/Nijmegen (CR)"";""2014"";12860;4649;6937;2755;4182;1274"
"Niet bewoonde woningen;""Arnhem/Nijmegen (CR)"";""2015"";12771;4719;6734;2720;4014;1318"
"Niet bewoonde woningen;""Arnhem/Nijmegen (CR)"";""2016"";12599;4444;6681;2560;4121;1474"
"Niet bewoonde woningen;""Arnhem/Nijmegen (CR)"";""2017"";12018;4040;6274;2183;4091;1704"
"Niet bewoonde woningen;""Arnhem/Nijmegen (CR)"";""2018"";11402;3819;6334;2323;4011;1249"
"Niet bewoonde woningen;""Arnhem/Nijmegen (CR)"";""2019"";11132;4127;6596;2445;4151;409"
"Niet bewoonde woningen;""Arnhem/Nijmegen (CR)"";""2020"";10969;4103;6506;2314;4192;360"
"Niet bewoonde woningen;""Zuidwest-Gelderland (CR)"";""2012"";4280;1952;1670;754;916;658"
"Niet bewoonde woningen;""Zuidwest-Gelderland (CR)"";""2013"";4101;1896;1762;908;854;443"
"Niet bewoonde woningen;""Zuidwest-Gelderland (CR)"";""2014"";3836;1864;1563;703;860;409"
"Niet bewoonde woningen;""Zuidwest-Gelderland (CR)"";""2015"";3864;1840;1550;701;849;474"
"Niet bewoonde woningen;""Zuidwest-Gelderland (CR)"";""2016"";3874;1881;1490;608;882;503"
"Niet bewoonde woningen;""Zuidwest-Gelderland (CR)"";""2017"";3734;1699;1500;545;955;535"
"Niet bewoonde woningen;""Zuidwest-Gelderland (CR)"";""2018"";3583;1543;1550;486;1064;490"
"Niet bewoonde woningen;""Zuidwest-Gelderland (CR)"";""2019"";3639;1913;1540;601;939;186"
"Niet bewoonde woningen;""Zuidwest-Gelderland (CR)"";""2020"";3546;1934;1458;461;997;154"
"Niet bewoonde woningen;""Utrecht (CR)"";""2012"";26581;10426;12269;4507;7762;3886"
"Niet bewoonde woningen;""Utrecht (CR)"";""2013"";26090;9990;12910;4627;8283;3190"
"Niet bewoonde woningen;""Utrecht (CR)"";""2014"";24114;8928;12233;4555;7678;2953"
"Niet bewoonde woningen;""Utrecht (CR)"";""2015"";22688;8571;11208;4091;7117;2909"
"Niet bewoonde woningen;""Utrecht (CR)"";""2016"";22191;8317;10840;3699;7141;3034"
"Niet bewoonde woningen;""Utrecht (CR)"";""2017"";23077;7575;12309;4318;7991;3193"
"Niet bewoonde woningen;""Utrecht (CR)"";""2018"";21737;7397;11247;3759;7488;3093"
"Niet bewoonde woningen;""Utrecht (CR)"";""2019"";22200;8824;12935;3974;8961;441"
"Niet bewoonde woningen;""Utrecht (CR)"";""2020"";21644;8523;12702;4083;8619;419"
"Niet bewoonde woningen;""Kop van Noord-Holland (CR)"";""2012"";5952;3191;2310;1021;1289;451"
"Niet bewoonde woningen;""Kop van Noord-Holland (CR)"";""2013"";6331;3240;2658;1271;1387;433"
"Niet bewoonde woningen;""Kop van Noord-Holland (CR)"";""2014"";6940;3188;2915;1179;1736;837"
"Niet bewoonde woningen;""Kop van Noord-Holland (CR)"";""2015"";6699;3221;2855;1336;1519;623"
"Niet bewoonde woningen;""Kop van Noord-Holland (CR)"";""2016"";6568;3206;2796;1363;1433;566"
"Niet bewoonde woningen;""Kop van Noord-Holland (CR)"";""2017"";6431;3053;2676;1181;1495;702"
"Niet bewoonde woningen;""Kop van Noord-Holland (CR)"";""2018"";6297;2841;2857;1257;1600;599"
"Niet bewoonde woningen;""Kop van Noord-Holland (CR)"";""2019"";6168;3115;2889;1149;1740;164"
"Niet bewoonde woningen;""Kop van Noord-Holland (CR)"";""2020"";6218;3089;2889;1102;1787;240"
"Niet bewoonde woningen;""Alkmaar en omgeving (CR)"";""2012"";4700;2337;1825;557;1268;538"
"Niet bewoonde woningen;""Alkmaar en omgeving (CR)"";""2013"";4861;2363;2033;612;1421;465"
"Niet bewoonde woningen;""Alkmaar en omgeving (CR)"";""2014"";4856;2288;1978;566;1412;590"
"Niet bewoonde woningen;""Alkmaar en omgeving (CR)"";""2015"";4951;2286;1921;510;1411;744"
"Niet bewoonde woningen;""Alkmaar en omgeving (CR)"";""2016"";4662;2229;1754;519;1235;679"
"Niet bewoonde woningen;""Alkmaar en omgeving (CR)"";""2017"";4453;2114;1745;554;1191;594"
"Niet bewoonde woningen;""Alkmaar en omgeving (CR)"";""2018"";4559;2131;1806;495;1311;622"
"Niet bewoonde woningen;""Alkmaar en omgeving (CR)"";""2019"";4393;2199;2145;608;1537;49"
"Niet bewoonde woningen;""Alkmaar en omgeving (CR)"";""2020"";4442;2257;2106;567;1539;79"
"Niet bewoonde woningen;""IJmond (CR)"";""2012"";3510;1564;1625;698;927;321"
"Niet bewoonde woningen;""IJmond (CR)"";""2013"";3484;1560;1709;820;889;215"
"Niet bewoonde woningen;""IJmond (CR)"";""2014"";3959;1474;2290;581;1709;195"
"Niet bewoonde woningen;""IJmond (CR)"";""2015"";3771;1484;2103;591;1512;184"
"Niet bewoonde woningen;""IJmond (CR)"";""2016"";3515;1400;1934;518;1416;181"
"Niet bewoonde woningen;""IJmond (CR)"";""2017"";3328;1279;1778;634;1144;271"
"Niet bewoonde woningen;""IJmond (CR)"";""2018"";2997;1195;1635;631;1004;167"
"Niet bewoonde woningen;""IJmond (CR)"";""2019"";3090;1345;1673;761;912;72"
"Niet bewoonde woningen;""IJmond (CR)"";""2020"";3093;1409;1624;701;923;60"
"Niet bewoonde woningen;""Agglomeratie Haarlem (CR)"";""2012"";5994;2629;2891;781;2110;474"
"Niet bewoonde woningen;""Agglomeratie Haarlem (CR)"";""2013"";5826;2641;2842;767;2075;343"
"Niet bewoonde woningen;""Agglomeratie Haarlem (CR)"";""2014"";5606;2531;2667;631;2036;408"
"Niet bewoonde woningen;""Agglomeratie Haarlem (CR)"";""2015"";5688;2464;2785;778;2007;439"
"Niet bewoonde woningen;""Agglomeratie Haarlem (CR)"";""2016"";5551;2391;2658;625;2033;502"
"Niet bewoonde woningen;""Agglomeratie Haarlem (CR)"";""2017"";5406;2180;2830;775;2055;396"
"Niet bewoonde woningen;""Agglomeratie Haarlem (CR)"";""2018"";5673;2275;2935;773;2162;463"
"Niet bewoonde woningen;""Agglomeratie Haarlem (CR)"";""2019"";5700;2326;3123;901;2222;251"
"Niet bewoonde woningen;""Agglomeratie Haarlem (CR)"";""2020"";5755;2348;3101;813;2288;306"
"Niet bewoonde woningen;""Zaanstreek (CR)"";""2012"";2932;1274;1563;1038;525;95"
"Niet bewoonde woningen;""Zaanstreek (CR)"";""2013"";2929;1278;1554;953;601;97"
"Niet bewoonde woningen;""Zaanstreek (CR)"";""2014"";2663;1076;1481;895;586;106"
"Niet bewoonde woningen;""Zaanstreek (CR)"";""2015"";2293;1014;1224;708;516;55"
"Niet bewoonde woningen;""Zaanstreek (CR)"";""2016"";2084;968;1028;603;425;88"
"Niet bewoonde woningen;""Zaanstreek (CR)"";""2017"";1952;885;994;580;414;73"
"Niet bewoonde woningen;""Zaanstreek (CR)"";""2018"";2008;852;1073;626;447;83"
"Niet bewoonde woningen;""Zaanstreek (CR)"";""2019"";2123;897;1198;685;513;28"
"Niet bewoonde woningen;""Zaanstreek (CR)"";""2020"";2334;962;1341;766;575;31"
"Niet bewoonde woningen;""Groot-Amsterdam (CR)"";""2012"";40669;12285;24386;10076;14310;3998"
"Niet bewoonde woningen;""Groot-Amsterdam (CR)"";""2013"";38922;12321;23653;9781;13872;2948"
"Niet bewoonde woningen;""Groot-Amsterdam (CR)"";""2014"";37462;12088;22679;8933;13746;2695"
"Niet bewoonde woningen;""Groot-Amsterdam (CR)"";""2015"";35365;12052;20968;7766;13202;2345"
"Niet bewoonde woningen;""Groot-Amsterdam (CR)"";""2016"";35883;11133;21961;7057;14904;2789"
"Niet bewoonde woningen;""Groot-Amsterdam (CR)"";""2017"";35519;10771;22066;6812;15254;2682"
"Niet bewoonde woningen;""Groot-Amsterdam (CR)"";""2018"";36464;10669;23460;8066;15394;2335"
"Niet bewoonde woningen;""Groot-Amsterdam (CR)"";""2019"";38847;11367;27108;9054;18054;372"
"Niet bewoonde woningen;""Groot-Amsterdam (CR)"";""2020"";38376;11326;26336;8546;17790;714"
"Niet bewoonde woningen;""Het Gooi en Vechtstreek (CR)"";""2012"";5839;2825;2726;1113;1613;288"
"Niet bewoonde woningen;""Het Gooi en Vechtstreek (CR)"";""2013"";6238;2899;2954;961;1993;385"
"Niet bewoonde woningen;""Het Gooi en Vechtstreek (CR)"";""2014"";6454;2773;3207;993;2214;474"
"Niet bewoonde woningen;""Het Gooi en Vechtstreek (CR)"";""2015"";6060;2685;2817;896;1921;558"
"Niet bewoonde woningen;""Het Gooi en Vechtstreek (CR)"";""2016"";5607;2624;2458;624;1834;525"
"Niet bewoonde woningen;""Het Gooi en Vechtstreek (CR)"";""2017"";5774;2327;2676;709;1967;771"
"Niet bewoonde woningen;""Het Gooi en Vechtstreek (CR)"";""2018"";5648;2274;2656;714;1942;718"
"Niet bewoonde woningen;""Het Gooi en Vechtstreek (CR)"";""2019"";5677;2450;3093;996;2097;134"
"Niet bewoonde woningen;""Het Gooi en Vechtstreek (CR)"";""2020"";5720;2531;3046;930;2116;143"
"Niet bewoonde woningen;""Agglomeratie Leiden en Bollenstreek (CR)"";""2012"";10032;4359;4623;1624;2999;1050"
"Niet bewoonde woningen;""Agglomeratie Leiden en Bollenstreek (CR)"";""2013"";9561;4238;4630;1426;3204;693"
"Niet bewoonde woningen;""Agglomeratie Leiden en Bollenstreek (CR)"";""2014"";8950;3727;4366;1375;2991;857"
"Niet bewoonde woningen;""Agglomeratie Leiden en Bollenstreek (CR)"";""2015"";8449;3652;3909;1246;2663;888"
"Niet bewoonde woningen;""Agglomeratie Leiden en Bollenstreek (CR)"";""2016"";8595;3608;4048;1121;2927;939"
"Niet bewoonde woningen;""Agglomeratie Leiden en Bollenstreek (CR)"";""2017"";8251;3370;3814;1146;2668;1067"
"Niet bewoonde woningen;""Agglomeratie Leiden en Bollenstreek (CR)"";""2018"";7293;3015;3346;885;2461;932"
"Niet bewoonde woningen;""Agglomeratie Leiden en Bollenstreek (CR)"";""2019"";7853;3273;4361;1331;3030;219"
"Niet bewoonde woningen;""Agglomeratie Leiden en Bollenstreek (CR)"";""2020"";7967;3335;4407;1296;3111;225"
"Niet bewoonde woningen;""Agglomeratie 's-Gravenhage (CR)"";""2012"";28900;10108;16305;3766;12539;2487"
"Niet bewoonde woningen;""Agglomeratie 's-Gravenhage (CR)"";""2013"";29337;9922;16638;4211;12427;2777"
"Niet bewoonde woningen;""Agglomeratie 's-Gravenhage (CR)"";""2014"";31145;9641;16530;3964;12566;4974"
"Niet bewoonde woningen;""Agglomeratie 's-Gravenhage (CR)"";""2015"";29903;9269;15621;4001;11620;5013"
"Niet bewoonde woningen;""Agglomeratie 's-Gravenhage (CR)"";""2016"";28732;8921;15037;3429;11608;4774"
"Niet bewoonde woningen;""Agglomeratie 's-Gravenhage (CR)"";""2017"";27855;8720;15350;3815;11535;3785"
"Niet bewoonde woningen;""Agglomeratie 's-Gravenhage (CR)"";""2018"";25394;8414;13812;2860;10952;3168"
"Niet bewoonde woningen;""Agglomeratie 's-Gravenhage (CR)"";""2019"";25928;9577;15598;4123;11475;753"
"Niet bewoonde woningen;""Agglomeratie 's-Gravenhage (CR)"";""2020"";25987;9329;15826;4351;11475;832"
"Niet bewoonde woningen;""Delft en Westland (CR)"";""2012"";4723;1768;2194;1022;1172;761"
"Niet bewoonde woningen;""Delft en Westland (CR)"";""2013"";4619;1810;2274;940;1334;535"
"Niet bewoonde woningen;""Delft en Westland (CR)"";""2014"";4435;1635;2278;878;1400;522"
"Niet bewoonde woningen;""Delft en Westland (CR)"";""2015"";4393;1666;2188;975;1213;539"
"Niet bewoonde woningen;""Delft en Westland (CR)"";""2016"";4232;1581;2047;774;1273;604"
"Niet bewoonde woningen;""Delft en Westland (CR)"";""2017"";4231;1369;2262;916;1346;600"
"Niet bewoonde woningen;""Delft en Westland (CR)"";""2018"";3933;1344;2110;683;1427;479"
"Niet bewoonde woningen;""Delft en Westland (CR)"";""2019"";4012;1686;2093;866;1227;233"
"Niet bewoonde woningen;""Delft en Westland (CR)"";""2020"";3912;1703;2089;843;1246;120"
"Niet bewoonde woningen;""Oost-Zuid-Holland (CR)"";""2012"";5042;2436;2202;909;1293;404"
"Niet bewoonde woningen;""Oost-Zuid-Holland (CR)"";""2013"";5141;2430;2396;1038;1358;315"
"Niet bewoonde woningen;""Oost-Zuid-Holland (CR)"";""2014"";5280;2419;2414;863;1551;447"
"Niet bewoonde woningen;""Oost-Zuid-Holland (CR)"";""2015"";5732;2574;2613;927;1686;545"
"Niet bewoonde woningen;""Oost-Zuid-Holland (CR)"";""2016"";5355;2622;2253;758;1495;480"
"Niet bewoonde woningen;""Oost-Zuid-Holland (CR)"";""2017"";5310;2428;2361;917;1444;521"
"Niet bewoonde woningen;""Oost-Zuid-Holland (CR)"";""2018"";4984;2221;2246;791;1455;517"
"Niet bewoonde woningen;""Oost-Zuid-Holland (CR)"";""2019"";4601;2299;2245;817;1428;57"
"Niet bewoonde woningen;""Oost-Zuid-Holland (CR)"";""2020"";4638;2296;2279;730;1549;63"
"Niet bewoonde woningen;""Groot-Rijnmond (CR)"";""2012"";39915;12772;22824;11627;11197;4319"
"Niet bewoonde woningen;""Groot-Rijnmond (CR)"";""2013"";37571;12507;22346;11316;11030;2718"
"Niet bewoonde woningen;""Groot-Rijnmond (CR)"";""2014"";38022;12480;22492;10526;11966;3050"
"Niet bewoonde woningen;""Groot-Rijnmond (CR)"";""2015"";36612;11956;20064;9302;10762;4592"
"Niet bewoonde woningen;""Groot-Rijnmond (CR)"";""2016"";33136;11208;18125;7856;10269;3803"
"Niet bewoonde woningen;""Groot-Rijnmond (CR)"";""2017"";31260;10058;17397;7268;10129;3805"
"Niet bewoonde woningen;""Groot-Rijnmond (CR)"";""2018"";30992;9143;18007;7711;10296;3842"
"Niet bewoonde woningen;""Groot-Rijnmond (CR)"";""2019"";30266;9758;20092;8595;11497;416"
"Niet bewoonde woningen;""Groot-Rijnmond (CR)"";""2020"";31382;9664;21253;9020;12233;465"
"Niet bewoonde woningen;""Zuidoost-Zuid-Holland (CR)"";""2012"";8429;3559;3903;1879;2024;967"
"Niet bewoonde woningen;""Zuidoost-Zuid-Holland (CR)"";""2013"";8082;3291;4181;2259;1922;610"
"Niet bewoonde woningen;""Zuidoost-Zuid-Holland (CR)"";""2014"";7713;3070;4025;1972;2053;618"
"Niet bewoonde woningen;""Zuidoost-Zuid-Holland (CR)"";""2015"";7230;3050;3471;1706;1765;709"
"Niet bewoonde woningen;""Zuidoost-Zuid-Holland (CR)"";""2016"";7581;3112;3825;1980;1845;644"
"Niet bewoonde woningen;""Zuidoost-Zuid-Holland (CR)"";""2017"";7657;2938;4039;2022;2017;680"
"Niet bewoonde woningen;""Zuidoost-Zuid-Holland (CR)"";""2018"";7479;2720;4097;1999;2098;662"
"Niet bewoonde woningen;""Zuidoost-Zuid-Holland (CR)"";""2019"";6653;2685;3886;1901;1985;82"
"Niet bewoonde woningen;""Zuidoost-Zuid-Holland (CR)"";""2020"";6615;2663;3879;1745;2134;73"
"Niet bewoonde woningen;""Zeeuwsch-Vlaanderen (CR)"";""2012"";8002;4776;3052;582;2470;174"
"Niet bewoonde woningen;""Zeeuwsch-Vlaanderen (CR)"";""2013"";5439;3142;2164;546;1618;133"
"Niet bewoonde woningen;""Zeeuwsch-Vlaanderen (CR)"";""2014"";5760;3154;2286;551;1735;320"
"Niet bewoonde woningen;""Zeeuwsch-Vlaanderen (CR)"";""2015"";5618;2989;2416;511;1905;213"
"Niet bewoonde woningen;""Zeeuwsch-Vlaanderen (CR)"";""2016"";5737;2941;2473;513;1960;323"
"Niet bewoonde woningen;""Zeeuwsch-Vlaanderen (CR)"";""2017"";5615;2850;2521;489;2032;244"
"Niet bewoonde woningen;""Zeeuwsch-Vlaanderen (CR)"";""2018"";5642;2615;2763;577;2186;264"
"Niet bewoonde woningen;""Zeeuwsch-Vlaanderen (CR)"";""2019"";5922;3142;2029;581;1448;751"
"Niet bewoonde woningen;""Zeeuwsch-Vlaanderen (CR)"";""2020"";6060;3002;2064;642;1422;994"
"Niet bewoonde woningen;""Overig Zeeland (CR)"";""2012"";10496;5071;4577;1334;3243;848"
"Niet bewoonde woningen;""Overig Zeeland (CR)"";""2013"";10571;5053;4944;1479;3465;574"
"Niet bewoonde woningen;""Overig Zeeland (CR)"";""2014"";10543;5039;4627;1240;3387;877"
"Niet bewoonde woningen;""Overig Zeeland (CR)"";""2015"";9983;4932;4419;1175;3244;632"
"Niet bewoonde woningen;""Overig Zeeland (CR)"";""2016"";9935;5061;4140;1036;3104;734"
"Niet bewoonde woningen;""Overig Zeeland (CR)"";""2017"";9939;4973;4275;1022;3253;691"
"Niet bewoonde woningen;""Overig Zeeland (CR)"";""2018"";9848;4952;4188;904;3284;708"
"Niet bewoonde woningen;""Overig Zeeland (CR)"";""2019"";9801;5294;3766;1083;2683;741"
"Niet bewoonde woningen;""Overig Zeeland (CR)"";""2020"";10080;5095;3976;1260;2716;1009"
"Niet bewoonde woningen;""West-Noord-Brabant (CR)"";""2012"";11990;5405;5626;2563;3063;959"
"Niet bewoonde woningen;""West-Noord-Brabant (CR)"";""2013"";12030;5375;6014;2521;3493;641"
"Niet bewoonde woningen;""West-Noord-Brabant (CR)"";""2014"";12197;5285;6169;2718;3451;743"
"Niet bewoonde woningen;""West-Noord-Brabant (CR)"";""2015"";11687;5249;5720;2475;3245;718"
"Niet bewoonde woningen;""West-Noord-Brabant (CR)"";""2016"";10855;4933;5027;2005;3022;895"
"Niet bewoonde woningen;""West-Noord-Brabant (CR)"";""2017"";10803;4505;5443;2012;3431;855"
"Niet bewoonde woningen;""West-Noord-Brabant (CR)"";""2018"";10086;4187;5194;1799;3395;705"
"Niet bewoonde woningen;""West-Noord-Brabant (CR)"";""2019"";10236;4651;5374;2125;3249;211"
"Niet bewoonde woningen;""West-Noord-Brabant (CR)"";""2020"";10382;4598;5564;2149;3415;220"
"Niet bewoonde woningen;""Midden-Noord-Brabant (CR)"";""2012"";8197;3619;3910;1682;2228;668"
"Niet bewoonde woningen;""Midden-Noord-Brabant (CR)"";""2013"";7743;3456;3868;1607;2261;419"
"Niet bewoonde woningen;""Midden-Noord-Brabant (CR)"";""2014"";8845;3307;4529;1778;2751;1009"
"Niet bewoonde woningen;""Midden-Noord-Brabant (CR)"";""2015"";8772;3285;4566;1812;2754;921"
"Niet bewoonde woningen;""Midden-Noord-Brabant (CR)"";""2016"";8256;3290;4067;1297;2770;899"
"Niet bewoonde woningen;""Midden-Noord-Brabant (CR)"";""2017"";7682;3015;4015;1165;2850;652"
"Niet bewoonde woningen;""Midden-Noord-Brabant (CR)"";""2018"";7805;2868;4229;1241;2988;708"
"Niet bewoonde woningen;""Midden-Noord-Brabant (CR)"";""2019"";7599;3240;4203;1529;2674;156"
"Niet bewoonde woningen;""Midden-Noord-Brabant (CR)"";""2020"";7324;3187;3989;1451;2538;148"
"Niet bewoonde woningen;""Noordoost-Noord-Brabant (CR)"";""2012"";10969;5216;4279;1640;2639;1474"
"Niet bewoonde woningen;""Noordoost-Noord-Brabant (CR)"";""2013"";10790;5118;4458;1654;2804;1214"
"Niet bewoonde woningen;""Noordoost-Noord-Brabant (CR)"";""2014"";10876;4980;4348;1496;2852;1548"
"Niet bewoonde woningen;""Noordoost-Noord-Brabant (CR)"";""2015"";10693;4846;4259;1428;2831;1588"
"Niet bewoonde woningen;""Noordoost-Noord-Brabant (CR)"";""2016"";10634;4720;4048;1431;2617;1866"
"Niet bewoonde woningen;""Noordoost-Noord-Brabant (CR)"";""2017"";10092;4379;4326;1291;3035;1387"
"Niet bewoonde woningen;""Noordoost-Noord-Brabant (CR)"";""2018"";10067;4219;4411;1342;3069;1437"
"Niet bewoonde woningen;""Noordoost-Noord-Brabant (CR)"";""2019"";10372;4865;5225;1710;3515;282"
"Niet bewoonde woningen;""Noordoost-Noord-Brabant (CR)"";""2020"";10179;4796;5020;1647;3373;363"
"Niet bewoonde woningen;""Zuidoost-Noord-Brabant (CR)"";""2012"";14277;6502;6205;2727;3478;1570"
"Niet bewoonde woningen;""Zuidoost-Noord-Brabant (CR)"";""2013"";13740;6264;6322;2718;3604;1154"
"Niet bewoonde woningen;""Zuidoost-Noord-Brabant (CR)"";""2014"";13729;6035;6261;2868;3393;1433"
"Niet bewoonde woningen;""Zuidoost-Noord-Brabant (CR)"";""2015"";12360;5734;5348;2149;3199;1278"
"Niet bewoonde woningen;""Zuidoost-Noord-Brabant (CR)"";""2016"";13348;5352;5416;2080;3336;2580"
"Niet bewoonde woningen;""Zuidoost-Noord-Brabant (CR)"";""2017"";12946;5077;5916;2198;3718;1953"
"Niet bewoonde woningen;""Zuidoost-Noord-Brabant (CR)"";""2018"";12365;4809;6069;2034;4035;1487"
"Niet bewoonde woningen;""Zuidoost-Noord-Brabant (CR)"";""2019"";12493;5446;6858;2066;4792;189"
"Niet bewoonde woningen;""Zuidoost-Noord-Brabant (CR)"";""2020"";12396;5402;6844;2289;4555;150"
"Niet bewoonde woningen;""Noord-Limburg (CR)"";""2012"";6125;2493;3058;1199;1859;574"
"Niet bewoonde woningen;""Noord-Limburg (CR)"";""2013"";6012;2534;3028;999;2029;450"
"Niet bewoonde woningen;""Noord-Limburg (CR)"";""2014"";5711;2366;2860;938;1922;485"
"Niet bewoonde woningen;""Noord-Limburg (CR)"";""2015"";5489;2335;2573;822;1751;581"
"Niet bewoonde woningen;""Noord-Limburg (CR)"";""2016"";5050;2242;2323;655;1668;485"
"Niet bewoonde woningen;""Noord-Limburg (CR)"";""2017"";4836;2055;2424;742;1682;357"
"Niet bewoonde woningen;""Noord-Limburg (CR)"";""2018"";4535;1867;2364;573;1791;304"
"Niet bewoonde woningen;""Noord-Limburg (CR)"";""2019"";4555;2153;2318;717;1601;84"
"Niet bewoonde woningen;""Noord-Limburg (CR)"";""2020"";4451;2091;2256;597;1659;104"
"Niet bewoonde woningen;""Midden-Limburg (CR)"";""2012"";5078;2422;2238;954;1284;418"
"Niet bewoonde woningen;""Midden-Limburg (CR)"";""2013"";5036;2346;2407;1027;1380;283"
"Niet bewoonde woningen;""Midden-Limburg (CR)"";""2014"";5588;2230;2250;859;1391;1108"
"Niet bewoonde woningen;""Midden-Limburg (CR)"";""2015"";5397;2209;1982;690;1292;1206"
"Niet bewoonde woningen;""Midden-Limburg (CR)"";""2016"";4965;2148;1960;640;1320;857"
"Niet bewoonde woningen;""Midden-Limburg (CR)"";""2017"";4371;1997;1789;490;1299;585"
"Niet bewoonde woningen;""Midden-Limburg (CR)"";""2018"";4430;1847;2007;524;1483;576"
"Niet bewoonde woningen;""Midden-Limburg (CR)"";""2019"";4450;2082;2221;715;1506;147"
"Niet bewoonde woningen;""Midden-Limburg (CR)"";""2020"";4470;2097;2211;719;1492;162"
"Niet bewoonde woningen;""Zuid-Limburg (CR)"";""2012"";20224;6994;10312;3562;6750;2918"
"Niet bewoonde woningen;""Zuid-Limburg (CR)"";""2013"";19531;6871;10565;3964;6601;2095"
"Niet bewoonde woningen;""Zuid-Limburg (CR)"";""2014"";20050;6689;10875;4256;6619;2486"
"Niet bewoonde woningen;""Zuid-Limburg (CR)"";""2015"";18867;6575;10141;3719;6422;2151"
"Niet bewoonde woningen;""Zuid-Limburg (CR)"";""2016"";18354;6371;9675;3434;6241;2308"
"Niet bewoonde woningen;""Zuid-Limburg (CR)"";""2017"";18656;6070;10323;3538;6785;2263"
"Niet bewoonde woningen;""Zuid-Limburg (CR)"";""2018"";18015;5507;10381;3311;7070;2127"
"Niet bewoonde woningen;""Zuid-Limburg (CR)"";""2019"";17359;6401;10472;3317;7155;486"
"Niet bewoonde woningen;""Zuid-Limburg (CR)"";""2020"";16878;6002;10424;3469;6955;452"
"Niet bewoonde woningen;""Flevoland (CR)"";""2012"";6425;2720;2590;997;1593;1115"
"Niet bewoonde woningen;""Flevoland (CR)"";""2013"";6438;2592;3297;1102;2195;549"
"Niet bewoonde woningen;""Flevoland (CR)"";""2014"";6255;2514;3467;947;2520;274"
"Niet bewoonde woningen;""Flevoland (CR)"";""2015"";6066;2481;3225;943;2282;360"
"Niet bewoonde woningen;""Flevoland (CR)"";""2016"";4914;2090;2541;834;1707;283"
"Niet bewoonde woningen;""Flevoland (CR)"";""2017"";4752;1890;2585;761;1824;277"
"Niet bewoonde woningen;""Flevoland (CR)"";""2018"";4700;1872;2520;794;1726;308"
"Niet bewoonde woningen;""Flevoland (CR)"";""2019"";4899;1984;2870;1051;1819;45"
"Niet bewoonde woningen;""Flevoland (CR)"";""2020"";5388;2233;3088;1073;2015;67"