"ID;""StatusVanBewoning"";""RegioS"";""Perioden"";""TotaleWoningvoorraad_1"";""Koopwoningen_2"";""TotaalHuurwoningen_3"";""EigendomWoningcorporatie_4"";""EigendomOverigeVerhuurders_5"";""EigendomOnbekend_6"""
"136;""T001235"";""CR01  "";""2012JJ00"";""   68173"";""   43798"";""   23830"";""   18383"";""    5447"";""     545"""
"137;""T001235"";""CR01  "";""2013JJ00"";""   68205"";""   43860"";""   24013"";""   18383"";""    5630"";""     332"""
"138;""T001235"";""CR01  "";""2014JJ00"";""   68883"";""   43690"";""   24441"";""   18465"";""    5976"";""     752"""
"139;""T001235"";""CR01  "";""2015JJ00"";""   69232"";""   43691"";""   24714"";""   18714"";""    6000"";""     827"""
"140;""T001235"";""CR01  "";""2016JJ00"";""   69426"";""   43543"";""   24951"";""   18535"";""    6416"";""     932"""
"141;""T001235"";""CR01  "";""2017JJ00"";""   69570"";""   43424"";""   25080"";""   18455"";""    6625"";""    1066"""
"142;""T001235"";""CR01  "";""2018JJ00"";""   64154"";""   40320"";""   22797"";""   16903"";""    5894"";""    1037"""
"144;""T001235"";""CR02  "";""2012JJ00"";""   22192"";""   13309"";""    8802"";""    7068"";""    1734"";""      81"""
"145;""T001235"";""CR02  "";""2013JJ00"";""   22320"";""   13337"";""    8905"";""    7162"";""    1743"";""      78"""
"146;""T001235"";""CR02  "";""2014JJ00"";""   22690"";""   13305"";""    9353"";""    7420"";""    1933"";""      32"""
"147;""T001235"";""CR02  "";""2015JJ00"";""   22739"";""   13270"";""    9432"";""    7442"";""    1990"";""      37"""
"148;""T001235"";""CR02  "";""2016JJ00"";""   22802"";""   13498"";""    9102"";""    7384"";""    1718"";""     202"""
"149;""T001235"";""CR02  "";""2017JJ00"";""   22763"";""   13442"";""    9119"";""    7325"";""    1794"";""     202"""
"150;""T001235"";""CR02  "";""2018JJ00"";""   22853"";""   13437"";""    9283"";""    7338"";""    1945"";""     133"""
"152;""T001235"";""CR03  "";""2012JJ00"";""  174967"";""   91132"";""   81027"";""   55278"";""   25749"";""    2808"""
"153;""T001235"";""CR03  "";""2013JJ00"";""  176941"";""   91459"";""   83438"";""   56117"";""   27321"";""    2044"""
"154;""T001235"";""CR03  "";""2014JJ00"";""  179514"";""   91763"";""   85859"";""   56518"";""   29341"";""    1892"""
"155;""T001235"";""CR03  "";""2015JJ00"";""  180803"";""   91988"";""   87592"";""   59390"";""   28202"";""    1223"""
"156;""T001235"";""CR03  "";""2016JJ00"";""  182491"";""   92507"";""   88665"";""   58967"";""   29698"";""    1319"""
"157;""T001235"";""CR03  "";""2017JJ00"";""  184395"";""   93174"";""   90048"";""   58638"";""   31410"";""    1173"""
"158;""T001235"";""CR03  "";""2018JJ00"";""  190106"";""   98218"";""   90288"";""   58432"";""   31856"";""    1600"""
"160;""T001235"";""CR04  "";""2012JJ00"";""  148548"";""   90461"";""   56881"";""   42074"";""   14807"";""    1206"""
"161;""T001235"";""CR04  "";""2013JJ00"";""  149433"";""   90829"";""   57793"";""   42179"";""   15614"";""     811"""
"162;""T001235"";""CR04  "";""2014JJ00"";""  147779"";""   88671"";""   57634"";""   41023"";""   16611"";""    1474"""
"163;""T001235"";""CR04  "";""2015JJ00"";""  148836"";""   88769"";""   58423"";""   41446"";""   16977"";""    1644"""
"164;""T001235"";""CR04  "";""2016JJ00"";""  149548"";""   88937"";""   58811"";""   40632"";""   18179"";""    1800"""
"165;""T001235"";""CR04  "";""2017JJ00"";""  150168"";""   89178"";""   59211"";""   40579"";""   18632"";""    1779"""
"166;""T001235"";""CR04  "";""2018JJ00"";""  149067"";""   88509"";""   58711"";""   40482"";""   18229"";""    1847"""
"168;""T001235"";""CR05  "";""2012JJ00"";""   47812"";""   30687"";""   16828"";""   13135"";""    3693"";""     297"""
"169;""T001235"";""CR05  "";""2013JJ00"";""   48780"";""   31318"";""   17176"";""   13269"";""    3907"";""     286"""
"170;""T001235"";""CR05  "";""2014JJ00"";""   61139"";""   39490"";""   21208"";""   16252"";""    4956"";""     441"""
"171;""T001235"";""CR05  "";""2015JJ00"";""   61663"";""   39689"";""   21097"";""   16266"";""    4831"";""     877"""
"172;""T001235"";""CR05  "";""2016JJ00"";""   61831"";""   39789"";""   21119"";""   16149"";""    4970"";""     923"""
"173;""T001235"";""CR05  "";""2017JJ00"";""   62004"";""   39997"";""   21055"";""   15927"";""    5128"";""     952"""
"174;""T001235"";""CR05  "";""2018JJ00"";""   64682"";""   42497"";""   21215"";""   16309"";""    4906"";""     970"""
"176;""T001235"";""CR06  "";""2012JJ00"";""   90980"";""   56808"";""   33514"";""   26780"";""    6734"";""     658"""
"177;""T001235"";""CR06  "";""2013JJ00"";""   91167"";""   57215"";""   33581"";""   26669"";""    6912"";""     371"""
"178;""T001235"";""CR06  "";""2014JJ00"";""   83262"";""   51109"";""   31255"";""   24642"";""    6613"";""     898"""
"179;""T001235"";""CR06  "";""2015JJ00"";""   83670"";""   51316"";""   31418"";""   24736"";""    6682"";""     936"""
"180;""T001235"";""CR06  "";""2016JJ00"";""   84161"";""   51506"";""   31454"";""   24377"";""    7077"";""    1201"""
"181;""T001235"";""CR06  "";""2017JJ00"";""   84291"";""   51745"";""   31386"";""   24211"";""    7175"";""    1160"""
"182;""T001235"";""CR06  "";""2018JJ00"";""   84676"";""   52418"";""   31014"";""   23936"";""    7078"";""    1244"""
"184;""T001235"";""CR07  "";""2012JJ00"";""   84431"";""   55671"";""   26996"";""   19242"";""    7754"";""    1764"""
"185;""T001235"";""CR07  "";""2013JJ00"";""   83576"";""   55602"";""   27180"";""   19348"";""    7832"";""     794"""
"186;""T001235"";""CR07  "";""2014JJ00"";""   84187"";""   55767"";""   27840"";""   19357"";""    8483"";""     580"""
"187;""T001235"";""CR07  "";""2015JJ00"";""   84347"";""   55934"";""   27636"";""   19370"";""    8266"";""     777"""
"188;""T001235"";""CR07  "";""2016JJ00"";""   84365"";""   56152"";""   27365"";""   19336"";""    8029"";""     848"""
"189;""T001235"";""CR07  "";""2017JJ00"";""   85045"";""   56337"";""   27712"";""   19392"";""    8320"";""     996"""
"190;""T001235"";""CR07  "";""2018JJ00"";""   85753"";""   57178"";""   27530"";""   19269"";""    8261"";""    1045"""
"192;""T001235"";""CR08  "";""2012JJ00"";""   79710"";""   49795"";""   27919"";""   20844"";""    7075"";""    1996"""
"193;""T001235"";""CR08  "";""2013JJ00"";""   75396"";""   48528"";""   26121"";""   19716"";""    6405"";""     747"""
"194;""T001235"";""CR08  "";""2014JJ00"";""   76304"";""   48685"";""   26484"";""   19593"";""    6891"";""    1135"""
"195;""T001235"";""CR08  "";""2015JJ00"";""   76242"";""   48681"";""   26612"";""   19627"";""    6985"";""     949"""
"196;""T001235"";""CR08  "";""2016JJ00"";""   76174"";""   49015"";""   26329"";""   19461"";""    6868"";""     830"""
"197;""T001235"";""CR08  "";""2017JJ00"";""   75644"";""   48787"";""   26099"";""   19445"";""    6654"";""     758"""
"198;""T001235"";""CR08  "";""2018JJ00"";""   76009"";""   48865"";""   26394"";""   19522"";""    6872"";""     750"""
"200;""T001235"";""CR09  "";""2012JJ00"";""   55291"";""   35826"";""   19269"";""   14979"";""    4290"";""     196"""
"201;""T001235"";""CR09  "";""2013JJ00"";""   55918"";""   36229"";""   19452"";""   14908"";""    4544"";""     237"""
"202;""T001235"";""CR09  "";""2014JJ00"";""   57534"";""   36559"";""   20138"";""   14965"";""    5173"";""     837"""
"203;""T001235"";""CR09  "";""2015JJ00"";""   57794"";""   36627"";""   20441"";""   14921"";""    5520"";""     726"""
"204;""T001235"";""CR09  "";""2016JJ00"";""   58086"";""   36887"";""   20199"";""   15043"";""    5156"";""    1000"""
"205;""T001235"";""CR09  "";""2017JJ00"";""   58551"";""   37073"";""   20478"";""   15013"";""    5465"";""    1000"""
"206;""T001235"";""CR09  "";""2018JJ00"";""   59056"";""   37703"";""   20384"";""   15210"";""    5174"";""     969"""
"208;""T001235"";""CR10  "";""2012JJ00"";""  149694"";""   92364"";""   55842"";""   39581"";""   16261"";""    1488"""
"209;""T001235"";""CR10  "";""2013JJ00"";""  150741"";""   93098"";""   56446"";""   39799"";""   16647"";""    1197"""
"210;""T001235"";""CR10  "";""2014JJ00"";""  150491"";""   92933"";""   56383"";""   39734"";""   16649"";""    1175"""
"211;""T001235"";""CR10  "";""2015JJ00"";""  151497"";""   93679"";""   56722"";""   40042"";""   16680"";""    1096"""
"212;""T001235"";""CR10  "";""2016JJ00"";""  153151"";""   94247"";""   57755"";""   40003"";""   17752"";""    1149"""
"213;""T001235"";""CR10  "";""2017JJ00"";""  154596"";""   95072"";""   58475"";""   40122"";""   18353"";""    1049"""
"214;""T001235"";""CR10  "";""2018JJ00"";""  156175"";""   97110"";""   57983"";""   40465"";""   17518"";""    1082"""
"216;""T001235"";""CR11  "";""2012JJ00"";""   64561"";""   38647"";""   25491"";""   18932"";""    6559"";""     423"""
"217;""T001235"";""CR11  "";""2013JJ00"";""   64688"";""   38814"";""   25600"";""   18768"";""    6832"";""     274"""
"218;""T001235"";""CR11  "";""2014JJ00"";""   64867"";""   39084"";""   25520"";""   18468"";""    7052"";""     263"""
"219;""T001235"";""CR11  "";""2015JJ00"";""   65391"";""   39159"";""   25656"";""   18548"";""    7108"";""     576"""
"220;""T001235"";""CR11  "";""2016JJ00"";""   66392"";""   39675"";""   26422"";""   18951"";""    7471"";""     295"""
"221;""T001235"";""CR11  "";""2017JJ00"";""   67541"";""   39723"";""   27485"";""   19185"";""    8300"";""     333"""
"222;""T001235"";""CR11  "";""2018JJ00"";""   67909"";""   40434"";""   27288"";""   19122"";""    8166"";""     187"""
"224;""T001235"";""CR12  "";""2012JJ00"";""  268317"";""  158478"";""  106712"";""   81215"";""   25497"";""    3127"""
"225;""T001235"";""CR12  "";""2013JJ00"";""  269962"";""  159424"";""  108221"";""   81236"";""   26985"";""    2317"""
"226;""T001235"";""CR12  "";""2014JJ00"";""  272219"";""  159799"";""  108946"";""   80414"";""   28532"";""    3474"""
"227;""T001235"";""CR12  "";""2015JJ00"";""  273339"";""  160819"";""  109185"";""   82885"";""   26300"";""    3335"""
"228;""T001235"";""CR12  "";""2016JJ00"";""  274214"";""  161282"";""  109117"";""   80430"";""   28687"";""    3815"""
"229;""T001235"";""CR12  "";""2017JJ00"";""  275224"";""  161070"";""  110366"";""   81184"";""   29182"";""    3788"""
"230;""T001235"";""CR12  "";""2018JJ00"";""  275867"";""  164895"";""  107539"";""   79833"";""   27706"";""    3433"""
"232;""T001235"";""CR13  "";""2012JJ00"";""  269671"";""  166919"";""   95578"";""   69569"";""   26009"";""    7174"""
"233;""T001235"";""CR13  "";""2013JJ00"";""  275601"";""  168293"";""  101206"";""   70591"";""   30615"";""    6102"""
"234;""T001235"";""CR13  "";""2014JJ00"";""  279092"";""  169451"";""  103764"";""   69943"";""   33821"";""    5877"""
"235;""T001235"";""CR13  "";""2015JJ00"";""  281918"";""  171269"";""  104901"";""   72785"";""   32116"";""    5748"""
"236;""T001235"";""CR13  "";""2016JJ00"";""  285281"";""  173654"";""  105563"";""   72391"";""   33172"";""    6064"""
"237;""T001235"";""CR13  "";""2017JJ00"";""  285293"";""  174839"";""  105149"";""   71102"";""   34047"";""    5305"""
"238;""T001235"";""CR13  "";""2018JJ00"";""  286046"";""  178300"";""  103715"";""   72165"";""   31550"";""    4031"""
"240;""T001235"";""CR14  "";""2012JJ00"";""  170299"";""  110446"";""   58320"";""   41498"";""   16822"";""    1533"""
"241;""T001235"";""CR14  "";""2013JJ00"";""  172556"";""  111684"";""   59536"";""   41752"";""   17784"";""    1336"""
"242;""T001235"";""CR14  "";""2014JJ00"";""  174645"";""  112375"";""   60526"";""   41626"";""   18900"";""    1744"""
"243;""T001235"";""CR14  "";""2015JJ00"";""  175576"";""  112965"";""   60944"";""   42207"";""   18737"";""    1667"""
"244;""T001235"";""CR14  "";""2016JJ00"";""  176238"";""  113569"";""   60911"";""   42196"";""   18715"";""    1758"""
"245;""T001235"";""CR14  "";""2017JJ00"";""  176997"";""  113977"";""   61349"";""   42203"";""   19146"";""    1671"""
"246;""T001235"";""CR14  "";""2018JJ00"";""  177868"";""  116033"";""   60182"";""   42155"";""   18027"";""    1653"""
"248;""T001235"";""CR15  "";""2012JJ00"";""  312086"";""  169630"";""  139178"";""  100854"";""   38324"";""    3278"""
"249;""T001235"";""CR15  "";""2013JJ00"";""  317640"";""  171268"";""  142817"";""  102278"";""   40539"";""    3555"""
"250;""T001235"";""CR15  "";""2014JJ00"";""  320661"";""  171573"";""  144729"";""  101967"";""   42762"";""    4359"""
"251;""T001235"";""CR15  "";""2015JJ00"";""  324379"";""  172664"";""  148640"";""  105351"";""   43289"";""    3075"""
"252;""T001235"";""CR15  "";""2016JJ00"";""  327245"";""  174276"";""  149677"";""  105648"";""   44029"";""    3292"""
"253;""T001235"";""CR15  "";""2017JJ00"";""  328001"";""  174851"";""  149511"";""  103524"";""   45987"";""    3639"""
"254;""T001235"";""CR15  "";""2018JJ00"";""  331348"";""  179242"";""  148800"";""  104263"";""   44537"";""    3306"""
"256;""T001235"";""CR16  "";""2012JJ00"";""   93137"";""   60206"";""   31951"";""   25106"";""    6845"";""     980"""
"257;""T001235"";""CR16  "";""2013JJ00"";""   94050"";""   60927"";""   32304"";""   25662"";""    6642"";""     819"""
"258;""T001235"";""CR16  "";""2014JJ00"";""   95012"";""   61564"";""   32583"";""   25473"";""    7110"";""     865"""
"259;""T001235"";""CR16  "";""2015JJ00"";""   95789"";""   62178"";""   32692"";""   25524"";""    7168"";""     919"""
"260;""T001235"";""CR16  "";""2016JJ00"";""   96915"";""   63450"";""   32448"";""   25501"";""    6947"";""    1017"""
"261;""T001235"";""CR16  "";""2017JJ00"";""   97771"";""   63561"";""   33173"";""   25452"";""    7721"";""    1037"""
"262;""T001235"";""CR16  "";""2018JJ00"";""   98727"";""   64424"";""   33356"";""   25495"";""    7861"";""     947"""
"264;""T001235"";""CR17  "";""2012JJ00"";""  528124"";""  303721"";""  215302"";""  153353"";""   61949"";""    9101"""
"265;""T001235"";""CR17  "";""2013JJ00"";""  534592"";""  307541"";""  221205"";""  154208"";""   66997"";""    5846"""
"266;""T001235"";""CR17  "";""2014JJ00"";""  539078"";""  308395"";""  224440"";""  153103"";""   71337"";""    6243"""
"267;""T001235"";""CR17  "";""2015JJ00"";""  543473"";""  310707"";""  225860"";""  155523"";""   70337"";""    6906"""
"268;""T001235"";""CR17  "";""2016JJ00"";""  548114"";""  313875"";""  227499"";""  153959"";""   73540"";""    6740"""
"269;""T001235"";""CR17  "";""2017JJ00"";""  554305"";""  316916"";""  230281"";""  153801"";""   76480"";""    7108"""
"270;""T001235"";""CR17  "";""2018JJ00"";""  557564"";""  319764"";""  231170"";""  153840"";""   77330"";""    6630"""
"272;""T001235"";""CR18  "";""2012JJ00"";""  159262"";""  103067"";""   55456"";""   43493"";""   11963"";""     739"""
"273;""T001235"";""CR18  "";""2013JJ00"";""  160576"";""  103728"";""   56169"";""   43497"";""   12672"";""     679"""
"274;""T001235"";""CR18  "";""2014JJ00"";""  163383"";""  104263"";""   57495"";""   43075"";""   14420"";""    1625"""
"275;""T001235"";""CR18  "";""2015JJ00"";""  164485"";""  105122"";""   57758"";""   43267"";""   14491"";""    1605"""
"276;""T001235"";""CR18  "";""2016JJ00"";""  165276"";""  105915"";""   57925"";""   43025"";""   14900"";""    1436"""
"277;""T001235"";""CR18  "";""2017JJ00"";""  166185"";""  106492"";""   58141"";""   42912"";""   15229"";""    1552"""
"278;""T001235"";""CR18  "";""2018JJ00"";""  166967"";""  107884"";""   57571"";""   40795"";""   16776"";""    1512"""
"280;""T001235"";""CR19  "";""2012JJ00"";""  102361"";""   66278"";""   35412"";""   25649"";""    9763"";""     671"""
"281;""T001235"";""CR19  "";""2013JJ00"";""  103034"";""   66722"";""   35741"";""   25063"";""   10678"";""     571"""
"282;""T001235"";""CR19  "";""2014JJ00"";""  105025"";""   67111"";""   36628"";""   26134"";""   10494"";""    1286"""
"283;""T001235"";""CR19  "";""2015JJ00"";""  108564"";""   69281"";""   37802"";""   26604"";""   11198"";""    1481"""
"284;""T001235"";""CR19  "";""2016JJ00"";""  109161"";""   69616"";""   38127"";""   26699"";""   11428"";""    1418"""
"285;""T001235"";""CR19  "";""2017JJ00"";""  109926"";""   69837"";""   38710"";""   26722"";""   11988"";""    1379"""
"286;""T001235"";""CR19  "";""2018JJ00"";""  111154"";""   71532"";""   38233"";""   26808"";""   11425"";""    1389"""
"288;""T001235"";""CR20  "";""2012JJ00"";""   85161"";""   50523"";""   34157"";""   27371"";""    6786"";""     481"""
"289;""T001235"";""CR20  "";""2013JJ00"";""   85749"";""   50816"";""   34617"";""   27473"";""    7144"";""     316"""
"290;""T001235"";""CR20  "";""2014JJ00"";""   87217"";""   51035"";""   35807"";""   27262"";""    8545"";""     375"""
"291;""T001235"";""CR20  "";""2015JJ00"";""   87579"";""   51368"";""   35850"";""   27361"";""    8489"";""     361"""
"292;""T001235"";""CR20  "";""2016JJ00"";""   87913"";""   51711"";""   35827"";""   27125"";""    8702"";""     375"""
"293;""T001235"";""CR20  "";""2017JJ00"";""   88711"";""   52201"";""   35958"";""   27238"";""    8720"";""     552"""
"294;""T001235"";""CR20  "";""2018JJ00"";""   88758"";""   53559"";""   34829"";""   27115"";""    7714"";""     370"""
"296;""T001235"";""CR21  "";""2012JJ00"";""  103767"";""   57689"";""   44677"";""   30830"";""   13847"";""    1401"""
"297;""T001235"";""CR21  "";""2013JJ00"";""  104602"";""   58155"";""   45542"";""   30986"";""   14556"";""     905"""
"298;""T001235"";""CR21  "";""2014JJ00"";""  105712"";""   58610"";""   46222"";""   30661"";""   15561"";""     880"""
"299;""T001235"";""CR21  "";""2015JJ00"";""  106849"";""   59214"";""   46862"";""   30857"";""   16005"";""     773"""
"300;""T001235"";""CR21  "";""2016JJ00"";""  107578"";""   59854"";""   46845"";""   30542"";""   16303"";""     879"""
"301;""T001235"";""CR21  "";""2017JJ00"";""  108104"";""   60177"";""   47011"";""   30437"";""   16574"";""     916"""
"302;""T001235"";""CR21  "";""2018JJ00"";""  109131"";""   61369"";""   46745"";""   30279"";""   16466"";""    1017"""
"304;""T001235"";""CR22  "";""2012JJ00"";""   71619"";""   37950"";""   33545"";""   28730"";""    4815"";""     124"""
"305;""T001235"";""CR22  "";""2013JJ00"";""   72622"";""   38562"";""   33934"";""   28745"";""    5189"";""     126"""
"306;""T001235"";""CR22  "";""2014JJ00"";""   73249"";""   38920"";""   34111"";""   28436"";""    5675"";""     218"""
"307;""T001235"";""CR22  "";""2015JJ00"";""   73245"";""   39270"";""   33888"";""   28112"";""    5776"";""      87"""
"308;""T001235"";""CR22  "";""2016JJ00"";""   73645"";""   39739"";""   33663"";""   27895"";""    5768"";""     243"""
"309;""T001235"";""CR22  "";""2017JJ00"";""   74240"";""   40121"";""   33886"";""   27818"";""    6068"";""     233"""
"310;""T001235"";""CR22  "";""2018JJ00"";""   74828"";""   41253"";""   33300"";""   27765"";""    5535"";""     275"""
"312;""T001235"";""CR23  "";""2012JJ00"";""  621572"";""  239789"";""  371586"";""  244873"";""  126713"";""   10197"""
"313;""T001235"";""CR23  "";""2013JJ00"";""  624834"";""  244052"";""  373039"";""  243290"";""  129749"";""    7743"""
"314;""T001235"";""CR23  "";""2014JJ00"";""  630576"";""  247190"";""  376165"";""  242458"";""  133707"";""    7221"""
"315;""T001235"";""CR23  "";""2015JJ00"";""  632971"";""  249672"";""  379216"";""  247475"";""  131741"";""    4083"""
"316;""T001235"";""CR23  "";""2016JJ00"";""  642104"";""  253738"";""  382410"";""  242686"";""  139724"";""    5956"""
"317;""T001235"";""CR23  "";""2017JJ00"";""  644368"";""  255539"";""  384148"";""  239962"";""  144186"";""    4681"""
"318;""T001235"";""CR23  "";""2018JJ00"";""  650678"";""  259769"";""  386646"";""  241834"";""  144812"";""    4263"""
"320;""T001235"";""CR24  "";""2012JJ00"";""  109779"";""   64901"";""   44461"";""   31928"";""   12533"";""     417"""
"321;""T001235"";""CR24  "";""2013JJ00"";""  111370"";""   65547"";""   45316"";""   32028"";""   13288"";""     507"""
"322;""T001235"";""CR24  "";""2014JJ00"";""  113371"";""   65697"";""   46147"";""   31653"";""   14494"";""    1527"""
"323;""T001235"";""CR24  "";""2015JJ00"";""  113978"";""   66209"";""   46153"";""   31638"";""   14515"";""    1616"""
"324;""T001235"";""CR24  "";""2016JJ00"";""  114417"";""   66788"";""   46080"";""   31380"";""   14700"";""    1549"""
"325;""T001235"";""CR24  "";""2017JJ00"";""  115819"";""   67318"";""   46714"";""   31273"";""   15441"";""    1787"""
"326;""T001235"";""CR24  "";""2018JJ00"";""  116820"";""   68465"";""   46598"";""   31222"";""   15376"";""    1757"""
"328;""T001235"";""CR25  "";""2012JJ00"";""  176485"";""  103101"";""   71530"";""   49942"";""   21588"";""    1854"""
"329;""T001235"";""CR25  "";""2013JJ00"";""  178368"";""  103828"";""   73244"";""   50708"";""   22536"";""    1296"""
"330;""T001235"";""CR25  "";""2014JJ00"";""  180355"";""  104154"";""   74288"";""   50716"";""   23572"";""    1913"""
"331;""T001235"";""CR25  "";""2015JJ00"";""  181360"";""  105898"";""   73784"";""   51144"";""   22640"";""    1678"""
"332;""T001235"";""CR25  "";""2016JJ00"";""  184115"";""  107132"";""   74975"";""   50896"";""   24079"";""    2008"""
"333;""T001235"";""CR25  "";""2017JJ00"";""  186529"";""  108306"";""   75998"";""   51166"";""   24832"";""    2225"""
"334;""T001235"";""CR25  "";""2018JJ00"";""  187979"";""  109089"";""   76776"";""   50915"";""   25861"";""    2114"""
"336;""T001235"";""CR26  "";""2012JJ00"";""  386048"";""  185469"";""  196462"";""  125878"";""   70584"";""    4117"""
"337;""T001235"";""CR26  "";""2013JJ00"";""  390701"";""  186407"";""  199488"";""  126732"";""   72756"";""    4806"""
"338;""T001235"";""CR26  "";""2014JJ00"";""  397755"";""  187153"";""  203075"";""  126622"";""   76453"";""    7527"""
"339;""T001235"";""CR26  "";""2015JJ00"";""  399821"";""  188139"";""  204559"";""  127332"";""   77227"";""    7123"""
"340;""T001235"";""CR26  "";""2016JJ00"";""  402939"";""  189393"";""  206014"";""  125606"";""   80408"";""    7532"""
"341;""T001235"";""CR26  "";""2017JJ00"";""  405971"";""  191412"";""  208702"";""  125422"";""   83280"";""    5857"""
"342;""T001235"";""CR26  "";""2018JJ00"";""  408338"";""  192139"";""  210127"";""  124771"";""   85356"";""    6072"""
"344;""T001235"";""CR27  "";""2012JJ00"";""   95991"";""   49787"";""   45231"";""   35380"";""    9851"";""     973"""
"345;""T001235"";""CR27  "";""2013JJ00"";""   96795"";""   50497"";""   45637"";""   35216"";""   10421"";""     661"""
"346;""T001235"";""CR27  "";""2014JJ00"";""   97579"";""   50811"";""   46104"";""   35275"";""   10829"";""     664"""
"347;""T001235"";""CR27  "";""2015JJ00"";""   99116"";""   51691"";""   46757"";""   36693"";""   10064"";""     668"""
"348;""T001235"";""CR27  "";""2016JJ00"";""   99898"";""   52440"";""   46662"";""   36548"";""   10114"";""     796"""
"349;""T001235"";""CR27  "";""2017JJ00"";""  100752"";""   52581"";""   47448"";""   36548"";""   10900"";""     723"""
"350;""T001235"";""CR27  "";""2018JJ00"";""  101327"";""   53162"";""   47508"";""   35016"";""   12492"";""     657"""
"352;""T001235"";""CR28  "";""2012JJ00"";""  122399"";""   75908"";""   45805"";""   34269"";""   11536"";""     686"""
"353;""T001235"";""CR28  "";""2013JJ00"";""  123787"";""   76702"";""   46562"";""   34654"";""   11908"";""     523"""
"354;""T001235"";""CR28  "";""2014JJ00"";""  125372"";""   77441"";""   47196"";""   34912"";""   12284"";""     735"""
"355;""T001235"";""CR28  "";""2015JJ00"";""  136298"";""   84440"";""   51004"";""   37929"";""   13075"";""     854"""
"356;""T001235"";""CR28  "";""2016JJ00"";""  137258"";""   85498"";""   50900"";""   37726"";""   13174"";""     860"""
"357;""T001235"";""CR28  "";""2017JJ00"";""  138937"";""   86472"";""   51493"";""   37910"";""   13583"";""     972"""
"358;""T001235"";""CR28  "";""2018JJ00"";""  140730"";""   88029"";""   51780"";""   37884"";""   13896"";""     921"""
"360;""T001235"";""CR29  "";""2012JJ00"";""  653552"";""  308021"";""  338935"";""  259519"";""   79416"";""    6596"""
"361;""T001235"";""CR29  "";""2013JJ00"";""  657097"";""  311134"";""  341418"";""  257988"";""   83430"";""    4545"""
"362;""T001235"";""CR29  "";""2014JJ00"";""  662068"";""  313504"";""  343208"";""  256358"";""   86850"";""    5356"""
"363;""T001235"";""CR29  "";""2015JJ00"";""  657510"";""  309360"";""  341339"";""  256248"";""   85091"";""    6811"""
"364;""T001235"";""CR29  "";""2016JJ00"";""  658458"";""  311255"";""  340705"";""  251042"";""   89663"";""    6498"""
"365;""T001235"";""CR29  "";""2017JJ00"";""  659055"";""  312031"";""  340887"";""  250451"";""   90436"";""    6137"""
"366;""T001235"";""CR29  "";""2018JJ00"";""  662978"";""  314720"";""  341542"";""  250595"";""   90947"";""    6716"""
"368;""T001235"";""CR30  "";""2012JJ00"";""  170971"";""   98034"";""   71607"";""   57444"";""   14163"";""    1330"""
"369;""T001235"";""CR30  "";""2013JJ00"";""  171897"";""   98676"";""   72344"";""   57769"";""   14575"";""     877"""
"370;""T001235"";""CR30  "";""2014JJ00"";""  172968"";""   99510"";""   72462"";""   57185"";""   15277"";""     996"""
"371;""T001235"";""CR30  "";""2015JJ00"";""  173317"";""  100313"";""   71932"";""   56962"";""   14970"";""    1072"""
"372;""T001235"";""CR30  "";""2016JJ00"";""  174566"";""  101306"";""   72117"";""   56513"";""   15604"";""    1143"""
"373;""T001235"";""CR30  "";""2017JJ00"";""  175446"";""  102033"";""   72260"";""   56146"";""   16114"";""    1153"""
"374;""T001235"";""CR30  "";""2018JJ00"";""  176282"";""  103972"";""   71091"";""   55809"";""   15282"";""    1219"""
"376;""T001235"";""CR31  "";""2012JJ00"";""   54770"";""   37843"";""   16716"";""   10411"";""    6305"";""     211"""
"377;""T001235"";""CR31  "";""2013JJ00"";""   52759"";""   36635"";""   15981"";""   10419"";""    5562"";""     143"""
"378;""T001235"";""CR31  "";""2014JJ00"";""   53376"";""   36316"";""   16582"";""   10409"";""    6173"";""     478"""
"379;""T001235"";""CR31  "";""2015JJ00"";""   53523"";""   36537"";""   16529"";""   10376"";""    6153"";""     457"""
"380;""T001235"";""CR31  "";""2016JJ00"";""   53998"";""   36633"";""   16591"";""   10369"";""    6222"";""     774"""
"381;""T001235"";""CR31  "";""2017JJ00"";""   54029"";""   36472"";""   16857"";""   10345"";""    6512"";""     700"""
"382;""T001235"";""CR31  "";""2018JJ00"";""   54156"";""   36932"";""   16516"";""   10315"";""    6201"";""     708"""
"384;""T001235"";""CR32  "";""2012JJ00"";""  126474"";""   80481"";""   44879"";""   32694"";""   12185"";""    1114"""
"385;""T001235"";""CR32  "";""2013JJ00"";""  127610"";""   81115"";""   45731"";""   32945"";""   12786"";""     764"""
"386;""T001235"";""CR32  "";""2014JJ00"";""  128992"";""   81315"";""   46112"";""   32781"";""   13331"";""    1565"""
"387;""T001235"";""CR32  "";""2015JJ00"";""  129145"";""   81751"";""   46004"";""   32820"";""   13184"";""    1390"""
"388;""T001235"";""CR32  "";""2016JJ00"";""  129613"";""   82364"";""   45760"";""   32660"";""   13100"";""    1489"""
"389;""T001235"";""CR32  "";""2017JJ00"";""  130325"";""   82556"";""   46212"";""   32515"";""   13697"";""    1557"""
"390;""T001235"";""CR32  "";""2018JJ00"";""  131108"";""   83994"";""   45547"";""   32333"";""   13214"";""    1567"""
"392;""T001235"";""CR33  "";""2012JJ00"";""  267545"";""  164410"";""  101702"";""   77598"";""   24104"";""    1433"""
"393;""T001235"";""CR33  "";""2013JJ00"";""  270897"";""  166212"";""  103720"";""   78655"";""   25065"";""     965"""
"394;""T001235"";""CR33  "";""2014JJ00"";""  274637"";""  166994"";""  106300"";""   80179"";""   26121"";""    1343"""
"395;""T001235"";""CR33  "";""2015JJ00"";""  276436"";""  167757"";""  107453"";""   80613"";""   26840"";""    1226"""
"396;""T001235"";""CR33  "";""2016JJ00"";""  277337"";""  168639"";""  107060"";""   79816"";""   27244"";""    1638"""
"397;""T001235"";""CR33  "";""2017JJ00"";""  279474"";""  169063"";""  108795"";""   79606"";""   29189"";""    1616"""
"398;""T001235"";""CR33  "";""2018JJ00"";""  281663"";""  170199"";""  109886"";""   79738"";""   30148"";""    1578"""
"400;""T001235"";""CR34  "";""2012JJ00"";""  195277"";""  117142"";""   76872"";""   57844"";""   19028"";""    1263"""
"401;""T001235"";""CR34  "";""2013JJ00"";""  197168"";""  118417"";""   78102"";""   58053"";""   20049"";""     649"""
"402;""T001235"";""CR34  "";""2014JJ00"";""  201417"";""  119024"";""   81064"";""   59463"";""   21601"";""    1329"""
"403;""T001235"";""CR34  "";""2015JJ00"";""  203368"";""  119774"";""   82313"";""   60009"";""   22304"";""    1281"""
"404;""T001235"";""CR34  "";""2016JJ00"";""  204773"";""  120839"";""   82484"";""   58952"";""   23532"";""    1450"""
"405;""T001235"";""CR34  "";""2017JJ00"";""  206036"";""  121294"";""   83446"";""   58940"";""   24506"";""    1296"""
"406;""T001235"";""CR34  "";""2018JJ00"";""  208862"";""  123538"";""   83884"";""   59417"";""   24467"";""    1440"""
"408;""T001235"";""CR35  "";""2012JJ00"";""  266435"";""  169866"";""   94365"";""   72740"";""   21625"";""    2204"""
"409;""T001235"";""CR35  "";""2013JJ00"";""  269772"";""  171798"";""   96251"";""   73933"";""   22318"";""    1723"""
"410;""T001235"";""CR35  "";""2014JJ00"";""  273780"";""  172759"";""   98020"";""   73508"";""   24512"";""    3001"""
"411;""T001235"";""CR35  "";""2015JJ00"";""  276414"";""  173985"";""   99192"";""   73942"";""   25250"";""    3237"""
"412;""T001235"";""CR35  "";""2016JJ00"";""  278874"";""  175687"";""   99690"";""   74173"";""   25517"";""    3497"""
"413;""T001235"";""CR35  "";""2017JJ00"";""  280598"";""  176683"";""  100781"";""   73847"";""   26934"";""    3134"""
"414;""T001235"";""CR35  "";""2018JJ00"";""  284100"";""  179899"";""  100630"";""   74584"";""   26046"";""    3571"""
"416;""T001235"";""CR36  "";""2012JJ00"";""  321161"";""  195515"";""  122950"";""   93911"";""   29039"";""    2696"""
"417;""T001235"";""CR36  "";""2013JJ00"";""  324546"";""  197118"";""  125535"";""   94782"";""   30753"";""    1893"""
"418;""T001235"";""CR36  "";""2014JJ00"";""  328948"";""  198072"";""  128387"";""   95799"";""   32588"";""    2489"""
"419;""T001235"";""CR36  "";""2015JJ00"";""  331198"";""  199349"";""  129548"";""   95857"";""   33691"";""    2301"""
"420;""T001235"";""CR36  "";""2016JJ00"";""  335415"";""  200593"";""  130855"";""   95317"";""   35538"";""    3967"""
"421;""T001235"";""CR36  "";""2017JJ00"";""  338188"";""  201670"";""  132683"";""   95383"";""   37300"";""    3835"""
"422;""T001235"";""CR36  "";""2018JJ00"";""  341477"";""  205626"";""  132840"";""   94793"";""   38047"";""    3011"""
"424;""T001235"";""CR37  "";""2012JJ00"";""  120046"";""   78255"";""   41032"";""   30255"";""   10777"";""     759"""
"425;""T001235"";""CR37  "";""2013JJ00"";""  120910"";""   78531"";""   41821"";""   30320"";""   11501"";""     558"""
"426;""T001235"";""CR37  "";""2014JJ00"";""  121927"";""   79166"";""   41886"";""   30442"";""   11444"";""     875"""
"427;""T001235"";""CR37  "";""2015JJ00"";""  122612"";""   79299"";""   42429"";""   30585"";""   11844"";""     884"""
"428;""T001235"";""CR37  "";""2016JJ00"";""  122881"";""   79605"";""   42491"";""   30412"";""   12079"";""     785"""
"429;""T001235"";""CR37  "";""2017JJ00"";""  123594"";""   79784"";""   43112"";""   30528"";""   12584"";""     698"""
"430;""T001235"";""CR37  "";""2018JJ00"";""  124132"";""   80880"";""   42573"";""   29872"";""   12701"";""     679"""
"432;""T001235"";""CR38  "";""2012JJ00"";""  103335"";""   69623"";""   33084"";""   23330"";""    9754"";""     628"""
"433;""T001235"";""CR38  "";""2013JJ00"";""  104255"";""   70044"";""   33745"";""   23523"";""   10222"";""     466"""
"434;""T001235"";""CR38  "";""2014JJ00"";""  106057"";""   70877"";""   33754"";""   23582"";""   10172"";""    1426"""
"435;""T001235"";""CR38  "";""2015JJ00"";""  106511"";""   70680"";""   34291"";""   23557"";""   10734"";""    1540"""
"436;""T001235"";""CR38  "";""2016JJ00"";""  106954"";""   70634"";""   34808"";""   23505"";""   11303"";""    1512"""
"437;""T001235"";""CR38  "";""2017JJ00"";""  107065"";""   70805"";""   34965"";""   23455"";""   11510"";""    1295"""
"438;""T001235"";""CR38  "";""2018JJ00"";""  107643"";""   71770"";""   34579"";""   23016"";""   11563"";""    1294"""
"440;""T001235"";""CR39  "";""2012JJ00"";""  286644"";""  159793"";""  123058"";""   84863"";""   38195"";""    3793"""
"441;""T001235"";""CR39  "";""2013JJ00"";""  288863"";""  160110"";""  125980"";""   85561"";""   40419"";""    2773"""
"442;""T001235"";""CR39  "";""2014JJ00"";""  292680"";""  160817"";""  127696"";""   86500"";""   41196"";""    4167"""
"443;""T001235"";""CR39  "";""2015JJ00"";""  294245"";""  160309"";""  129950"";""   87189"";""   42761"";""    3986"""
"444;""T001235"";""CR39  "";""2016JJ00"";""  294798"";""  160387"";""  130197"";""   86586"";""   43611"";""    4214"""
"445;""T001235"";""CR39  "";""2017JJ00"";""  296438"";""  160542"";""  131561"";""   86331"";""   45230"";""    4335"""
"446;""T001235"";""CR39  "";""2018JJ00"";""  297526"";""  163212"";""  129890"";""   85506"";""   44384"";""    4424"""
"448;""T001235"";""CR40  "";""2012JJ00"";""  158061"";""  101537"";""   55003"";""   43040"";""   11963"";""    1521"""
"449;""T001235"";""CR40  "";""2013JJ00"";""  159496"";""  102522"";""   56134"";""   42861"";""   13273"";""     840"""
"450;""T001235"";""CR40  "";""2014JJ00"";""  161512"";""  103306"";""   57343"";""   43016"";""   14327"";""     863"""
"451;""T001235"";""CR40  "";""2015JJ00"";""  162731"";""  104143"";""   57660"";""   43158"";""   14502"";""     928"""
"452;""T001235"";""CR40  "";""2016JJ00"";""  162918"";""  104778"";""   57357"";""   43306"";""   14051"";""     783"""
"453;""T001235"";""CR40  "";""2017JJ00"";""  164229"";""  105313"";""   58212"";""   43218"";""   14994"";""     704"""
"454;""T001235"";""CR40  "";""2018JJ00"";""  166487"";""  106430"";""   59225"";""   43262"";""   15963"";""     832"""